Workbook

Sheet informe de Gestión 2021-2025
A1: Nº | B1: Nº | C1: LOCALIDAD | D1: DEPARTAMENTO | E1: BANDA | F1: FREC. | G1: POTENCIA | H1: ESTADO | I1: SITUACIÓN DE LA LICENCIA | J1: RVM | K1: FECHA DE VENCIMIENTO
A2: 48 | B2: 4 | C2: Barranca | D2: Lima | E2: FM | F2: 97.5 | G2: 950 | H2: AL AIRE | I2: Asociación Cultural Bethel | J2: RVM Nº 1150-2016-MTC/03 | K2: 45730
A3: 61 | B3: 6 | C3: Camaná | D3: Arequipa | E3: FM | F3: 91.7 | G3: 100 | H3: AL AIRE | I3: Asociación Cultural Bethel | J3: RVM Nº 473-2015-MTC/03 | K3: 45741
A4: =A3+1 -> 62 | B4: 28 | C4: Moyobamba | D4: San Martin | E4: FM | F4: 94.5 | G4: 950 | H4: AL AIRE | I4: Asociación Cultural Bethel | J4: RVM Nº 427-2015-MTC/03 | K4: 45742
A5: 101 | B5: 10 | C5: Chinchero | D5: Cusco | E5: VHF | F5: 10 | G5: 50 | H5: AL AIRE | I5: Asociación Cultural Bethel | J5: RVM N° 163-2015-MTC/03 | K5: 45781
A6: 65 | B6: 8 | C6: Candarave | D6: Tacna | E6: FM | F6: 97.5 | G6: 50 | H6: AL AIRE | I6: Asociación Cultural Bethel | J6: RVM N° 170-2015-MTC/03 | K6: 45788
A7: 54 | B7: 5 | C7: Cabanilla | D7: Puno | E7: FM | F7: 89.3 | G7: 50 | H7: AL AIRE | I7: Asociación Cultural Bethel | J7: RVM Nº 757-2015-MTC/03 | K7: 45841
A8: 107 | B8: 12 | C8: Chosica - Lurigancho | D8: Lima | E8: FM | F8: 97.7 | G8: 250 | H8: AL AIRE | I8: Asociación Cultural Bethel | J8: RVM Nº 303-95-MTC/15.17 | K8: 45848
A9: =A8+1 -> 108 | B9: 27 | C9: Mollendo | D9: Arequipa | E9: FM | F9: 93.1 | G9: 250 | H9: AL AIRE | I9: Radio Oasis S. C R. L. | J9: RM Nº 300-95-MTC | K9: 45848
A10: =A9+1 -> 109 | B10: 14 | C10: Huancayo | D10: Junin | E10: AM | F10: 1050 | G10: 740 | H10: AL AIRE | I10: Asociación Cultural Bethel | J10: RVM Nº 064-2016-MTC/03 | K10: 45855
A11: =A10+1 -> 110 | B11: 41 | C11: Tocache | D11: San Martin | E11: FM | F11: 95.7 | G11: 500 | H11: AL AIRE | I11: Asociación Cultural Bethel | J11: RVM Nº 404-2005-MTC/03 | K11: 45871
A12: =A11+1 -> 111 | B12: 37 | C12: Ranracancha | D12: Apurimac | E12: FM | F12: 97.1 | G12: 50 | H12: AL AIRE | I12: Asociación Cultural Bethel | J12: RVM N° 311-2015-MTC/03 | K12: 45879
A13: =A12+1 -> 112 | B13: 29 | C13: Nazca | D13: Ica | E13: FM | F13: 95.9 | G13: 250 | H13: AL AIRE | I13: Asociación Cultural Bethel | J13: RVM Nº 419-2005-MTC/03 | K13: 45892
A14: =A13+1 -> 113 | B14: 16 | C14: Huayllay | D14: Pasco | E14: FM | F14: 94.1 | G14: 130 | H14: AL AIRE | I14: PROCESO DE TRAMITE DE TRANSFERENCIA | J14: RVM N° 366-2015-MTC/03 | K14: 45895
A15: =A14+1 -> 114 | B15: 17 | C15: Huaynacotas | D15: Arequipa | E15: FM | F15: 106.3 | G15: 250 | H15: AL AIRE | I15: Asociación Cultural Bethel | J15: RVM N° 387-2015-MTC/03 | K15: 45900
A16: =A15+1 -> 115 | B16: 35 | C16: Pedregal - Majes | D16: Arequipa | E16: VHF | F16: 4 | G16: 500 | H16: AL AIRE | I16: Asociación Cultural Bethel | J16: RVM Nº 115-2016-MTC/03 | K16: 45901
A17: =A16+1 -> 116 | B17: 22 | C17: La Arena | D17: Piura | E17: FM | F17: 106.9 | G17: 100 | H17: AL AIRE | I17: Asociación Cultural Bethel | J17: RVM Nº 1137-2016-MTC/ 03 | K17: 45908
A18: =A17+1 -> 117 | B18: 40 | C18: Santa Rosa | D18: Ayacucho | E18: VHF | F18: 12 | G18: 50 | H18: AL AIRE | I18: Victor Arispe Qwistgaard | J18: RVM N° 420-2015-MTC/03 | K18: 45908
A19: 105 | B19: 11 | C19: Chivay | D19: Arequipa | E19: FM | F19: 93.3 | G19: 250 | H19: AL AIRE | I19: Asociación Cultural Bethel | J19: RVM N° 437-2015-MTC/03 | K19: 45909
A20: =A19+1 -> 106 | B20: 19 | C20: Jaen | D20: Cajamarca | E20: FM | F20: 100.5 | G20: 950 | H20: AL AIRE | I20: Asociación Cultural Bethel | J20: RVM Nº 583-2015-MTC/03 | K20: 45909
A21: 2 | B21: 1 | C21: Abancay - Tamburco | D21: Apurimac | E21: UHF | F21: 33 | G21: 50 | H21: AL AIRE | I21: Asociación Cultural Bethel | J21: RVM Nº 116-2016-MTC/03 | K21: 45929
A22: 125 | B22: 13 | C22: Curahuasi | D22: Apurimac | E22: VHF | F22: 9 | G22: 50 | H22: AL AIRE | I22: Victor Arispe Qwistgaard | J22: RVM N° 523-2015-MTC/03 | K22: 45932
A23: =A22+1 -> 126 | B23: 36 | C23: Piscobamba | D23: Ancash | E23: FM | F23: 97.9 | G23: 250 | H23: AL AIRE | I23: PROCESO DE TRAMITE DE TRANSFERENCIA | J23: RVM N° 566-2015-MTC/03 | K23: 45946
A24: =A23+1 -> 127 | B24: 21 | C24: Kepashiato | D24: Cusco | E24: FM | F24: 95.5 | G24: 50 | H24: AL AIRE | I24: Asociación Cultural Bethel | J24: RVM N° 589-2015-MTC/03 | K24: 45953
A25: 46 | B25: 3 | C25: Bambamarca | D25: Cajamarca | E25: FM | F25: 89.7 | G25: 250 | H25: AL AIRE | I25: Asociación Cultural Bethel | J25: RVM N° 606-2015-MTC/03 | K25: 45957
A26: =A25+1 -> 47 | B26: 38 | C26: Requena | D26: Loreto | E26: FM | F26: 96.7 | G26: 500 | H26: AL AIRE | I26: Asociación Cultural Bethel | J26: RVM N° 604-2015-MTC/03 | K26: 45957
A27: =A26+1 -> 48 | B27: 30 | C27: Nepeña | D27: Ancash | E27: FM | F27: 104.7 | G27: 250 | H27: AL AIRE | I27: PROCESO DE TRAMITE DE TRANSFERENCIA | J27: RVM N° 573-2015-MTC/03 | K27: 45958
A28: =A27+1 -> 49 | B28: 23 | C28: Lima | D28: Lima | E28: FM | F28: 100.1 | G28: 20000 | H28: AL AIRE | I28: Lima Cien Stereo S.A.C. | J28: RVM Nº 604-2001-MTC/15.03 | K28: 45964
A29: =A28+1 -> 50 | B29: 18 | C29: Ilave | D29: Puno | E29: FM | F29: 97.3 | G29: 250 | H29: AL AIRE | I29: Asociación Cultural Bethel | J29: RVM Nº 1101-2016-MTC/03 | K29: 45979
A30: 63 | B30: 7 | C30: Campanilla | D30: San Martin | E30: FM | F30: 91.7 | G30: 150 | H30: AL AIRE | I30: Victor Arispe Qwistgaard | J30: RVM N° 684-2015-MTC/03 | K30: 45980
A31: =A30+1 -> 64 | B31: 31 | C31: Olleros | D31: Ancash | E31: VHF | F31: 12 | G31: 200 | H31: FUERA AL AIRE | I31: Asociación Cultural Bethel | J31: RVM N° 732-2015-MTC/03 | K31: 45992
A32: 17 | B32: 2 | C32: Andajes | D32: Lima | E32: FM | F32: 103.1 | G32: 50 | H32: AL AIRE | I32: Asociación Cultural Bethel | J32: RVM Nº 795-2015-MTC/03 | K32: 46002
A33: =A32+1 -> 18 | B33: 32 | C33: Pacucha | D33: Apurimac | E33: FM | F33: 96.5 | G33: 50 | H33: AL AIRE | I33: Milciades Edgardo Narro Pretell | J33: RVM N° 802-2015-MTC/03 | K33: 46002
A34: =A33+1 -> 19 | B34: 15 | C34: Huasahuasi | D34: Junin | E34: FM | F34: 100.5 | G34: 250 | H34: AL AIRE | I34: Asociación Cultural Bethel | J34: RVM Nº 866-2015-MTC/03 | K34: 46015
A35: =A34+1 -> 20 | B35: 20 | C35: Kaquiabamba | D35: Apurimac | E35: FM | F35: 93.7 | G35: 50 | H35: AL AIRE | I35: Milciades Edgardo Narro Pretell | J35: RVM N° 878-2015-MTC/03 | K35: 46020
A36: =A35+1 -> 21 | C36: Santa Eulalia | D36: Lima | E36: FM | F36: 90.9 | G36: 50 | H36: AL AIRE | I36: Asociación Cultural Bethel | K36: 46035
A37: 79 | C37: Cayna | D37: Huanuco | E37: FM | F37: 92.7 | G37: 50 | H37: AL AIRE | I37: Asociación Cultural Bethel | K37: 46037
A38: =A37+1 -> 80 | C38: Ilo | D38: Moquegua | E38: FM | F38: 100.5 | G38: 500 | H38: AL AIRE | I38: Asociación Cultural Bethel | K38: 46037
A39: 99 | C39: Chimbote | D39: Ancash | E39: UHF | F39: 23 | G39: 500 | H39: FUERA AL AIRE | I39: Asociación Cultural Bethel | K39: 46040
A40: 112 | C40: Cieneguilla | D40: Lima | E40: FM | F40: 98.7 | G40: 250 | H40: AL AIRE | I40: Asociación Cultural Bethel | K40: 46050
A41: 133 | C41: Espinar | D41: Cusco | E41: FM | F41: 94.7 | G41: 500 | H41: AL AIRE | I41: Asociación Cultural Bethel | K41: 46050
A42: =A41+1 -> 134 | C42: Mazuko - Inambari | D42: Madre de Dios | E42: VHF | F42: 8 | G42: 50 | H42: AL AIRE | I42: Asociación Cultural Bethel | K42: 46055
A43: 59 | C43: Calca | D43: Cusco | E43: FM | F43: 92.9 | G43: 250 | H43: AL AIRE | I43: Asociación Cultural Bethel | K43: 46056
A44: =A43+1 -> 60 | C44: Zorritos | D44: Tumbes | E44: FM | F44: 103.3 | G44: 250 | H44: AL AIRE | I44: Asociación Cultural Bethel | K44: 46056
A45: 34 | C45: Ayabaca | D45: Piura | E45: VHF | F45: 2 | G45: 50 | H45: AL AIRE | I45: Asociación Cultural Bethel | K45: 46072
A46: =A45+1 -> 35 | C46: Pataz | D46: La Libertad | E46: FM | F46: 98.1 | G46: 150 | H46: AL AIRE | I46: Asociación Cultural Bethel | K46: 46072
A47: =A46+1 -> 36 | C47: Sechura | D47: Piura | E47: FM | F47: 91.7 | G47: 250 | H47: AL AIRE | I47: Asociación Cultural Bethel | K47: 46083
A48: =A47+1 -> 37 | C48: Lomas | D48: Arequipa | E48: FM | F48: 99.3 | G48: 50 | H48: AL AIRE | I48: PROCESO DE TRAMITE DE TRANSFERENCIA | K48: 46103
A49: 116 | C49: Conchucos | D49: Ancash | E49: VHF | F49: 10 | G49: 50 | H49: AL AIRE | I49: PROCESO DE TRAMITE DE TRANSFERENCIA | K49: 46116
A50: 80 | C50: Ccorca | D50: Cusco | E50: VHF | F50: 8 | G50: 50 | H50: FUERA AL AIRE | I50: Asociación de Radio y Televisión Riqchary | K50: 46119
A51: 103 | C51: Chinchihuasi | D51: Huancavelica | E51: FM | F51: 104.7 | G51: 150 | H51: AL AIRE | I51: Asociación de Radio y Televisión Riqchary | K51: 46120
A52: =A51+1 -> 104 | C52: Locumba | D52: Tacna | E52: VHF | F52: 9 | G52: 50 | H52: AL AIRE | I52: Asociación Cultural Bethel | K52: 46120
A53: 114 | C53: Colcabamba | D53: Huancavelica | E53: VHF | F53: 8 | G53: 50 | H53: AL AIRE | I53: Asociación de Radio y Televisión Riqchary | K53: 46124
A54: =A53+1 -> 115 | C54: Tumbes | D54: Tumbes | E54: UHF | F54: 34 | G54: 950 | H54: AL AIRE | I54: Asociación Cultural Bethel | K54: 46145
A55: =A54+1 -> 116 | C55: San Pedro de Cajas | D55: Junin | E55: VHF | F55: 9 | G55: 50 | H55: AL AIRE | I55: PROCESO DE TRAMITE DE TRANSFERENCIA | K55: 46155
A56: 124 | C56: Cuispes - Pedro Ruiz | D56: Amazonas | E56: FM | F56: 92.3 | G56: 50 | H56: FUERA AL AIRE | I56: PROCESO DE TRAMITE DE TRANSFERENCIA | K56: 46167
A57: =A56+1 -> 125 | C57: Villa Rica | D57: Pasco | E57: VHF | F57: 7 | G57: 100 | H57: AL AIRE | I57: Asociación Cultural Bethel | K57: 46175
A58: =A57+1 -> 126 | C58: Leymebamba | D58: Amazonas | E58: FM | F58: 95.9 | G58: 150 | H58: AL AIRE | I58: PROCESO DE TRAMITE DE TRANSFERENCIA | K58: 46180
A59: =A58+1 -> 127 | C59: Macusani | D59: Puno | E59: FM | F59: 97.1 | G59: 250 | H59: AL AIRE | I59: Asociación Cultural Bethel | K59: 46181
A60: =A59+1 -> 128 | C60: Pampa Cangallo - Los Morochucos | D60: Ayacucho | E60: FM | F60: 98.1 | G60: 150 | H60: AL AIRE | I60: Asociación Cultural Bethel | K60: 46181
A61: =A60+1 -> 129 | C61: San Miguel de Pallaques | D61: Cajamarca | E61: VHF | F61: 10 | G61: 50 | H61: AL AIRE | I61: Asociación Cultural Bethel | K61: 46181
A62: =A61+1 -> 130 | C62: Villa Rica | D62: Pasco | E62: FM | F62: 96.9 | G62: 250 | H62: AL AIRE | I62: Asociación Cultural Bethel | K62: 46181
A63: 77 | C63: Cashapampa-Monzón | D63: Huanuco | E63: FM | F63: 99.1 | G63: 50 | H63: AL AIRE | I63: Asociación Cultural Bethel | K63: 46187
A64: =A63+1 -> 78 | C64: Tayabamba | D64: La Libertad | E64: FM | F64: 98.1 | G64: 250 | H64: AL AIRE | I64: Asociación Cultural Bethel | K64: 46187
A65: =A64+1 -> 79 | C65: San Pedro de Cachora | D65: Apurimac | E65: FM | F65: 96.3 | G65: 50 | H65: AL AIRE | I65: Milciades Edgardo Narro Pretell | K65: 46188
A66: =A65+1 -> 80 | C66: Sandia | D66: Puno | E66: FM | F66: 98.1 | G66: 250 | H66: AL AIRE | I66: Asociación Cultural Bethel | K66: 46193
A67: =A66+1 -> 81 | C67: Santa Rosa | D67: Ayacucho | E67: FM | F67: 95.9 | G67: 250 | H67: AL AIRE | I67: Asociación Cultural Bethel | K67: 46193
A68: =A67+1 -> 82 | C68: Orcopampa | D68: Arequipa | E68: VHF | F68: 11 | G68: 50 | H68: AL AIRE | I68: PROCESO DE TRAMITE DE TRANSFERENCIA | K68: 46194
A69: =A68+1 -> 83 | C69: Pamparomas | D69: Ancash | E69: VHF | F69: 9 | G69: 50 | H69: NO INSTALADA | I69: Rodolfo Enrique Mejia Ciurlizza | K69: 46197
A70: 21 | C70: Antabamba | D70: Apurimac | E70: VHF | F70: 7 | G70: 50 | H70: FUERA AL AIRE | I70: PROCESO DE TRAMITE DE TRANSFERENCIA | K70: 46198
A71: =A70+1 -> 22 | C71: Monzon | D71: Huanuco | E71: FM | F71: 104.7 | G71: 100 | H71: AL AIRE | I71: PROCESO DE TRAMITE DE TRANSFERENCIA | K71: 46201
A72: =A71+1 -> 23 | C72: Iberia | D72: Madre de Dios | E72: VHF | F72: 4 | G72: 100 | H72: AL AIRE | I72: Asociación Cultural Bethel | K72: 46204
A73: =A72+1 -> 24 | C73: Palca | D73: Junin | E73: FM | F73: 100.9 | G73: 50 | H73: AL AIRE | I73: Asociación Cultural Bethel | K73: 46204
A74: =A73+1 -> 25 | C74: Puerto Ocopa - Rio Tambo | D74: Junin | E74: FM | F74: 96.7 | G74: 100 | H74: AL AIRE | I74: Asociación Cultural Bethel | K74: 46204
A75: =A74+1 -> 26 | C75: Nueva Requena | D75: Ucayali | E75: FM | F75: 98.1 | G75: 50 | H75: AL AIRE | I75: Asociación Cultural Bethel | K75: 46208
A76: =A75+1 -> 27 | C76: Quince Mil | D76: Cusco | E76: FM | F76: 103.3 | G76: 100 | H76: AL AIRE | I76: Asociación de Radio y Televisión Riqchary | K76: 46208
A77: =A76+1 -> 28 | C77: Palma Real - Echerate | D77: Cusco | E77: FM | F77: 106.3 | G77: 50 | H77: AL AIRE | I77: PROCESO DE TRAMITE DE TRANSFERENCIA | K77: 46222
A78: =A77+1 -> 29 | C78: Lamay | D78: Cusco | E78: VHF | F78: 10 | G78: 50 | H78: AL AIRE | I78: Asociación Cultural Bethel | K78: 46226
A79: 108 | C79: Chota | D79: Cajamarca | E79: FM | F79: 101.7 | G79: 500 | H79: FUERA AL AIRE | I79: Asociación Cultural Bethel | K79: 46228
A80: =A79+1 -> 109 | C80: Pangoa | D80: Junin | E80: FM | F80: 90.9 | G80: 60 | H80: FUERA AL AIRE | I80: Asociación Cultural Bethel | K80: 46228
A81: =A80+1 -> 110 | C81: Paucartambo - Huamayaco | D81: Pasco | E81: FM | F81: 95.7 | G81: 250 | H81: AL AIRE | I81: PROCESO DE TRAMITE DE TRANSFERENCIA | K81: 46230
A82: =A81+1 -> 111 | C82: Iquitos | D82: Loreto | E82: UHF | F82: 41 | G82: 950 | H82: NO INSTALADA | I82: Asociación Cultural Bethel | K82: 46236
A83: =A82+1 -> 112 | C83: Tabalosos | D83: San Martin | E83: FM | F83: 93.9 | G83: 50 | H83: AL AIRE | I83: Asociación Cultural Bethel | K83: 46237
A84: 60 | C84: Callayuc | D84: Cajamarca | E84: FM | F84: 92.5 | G84: 250 | H84: AL AIRE | I84: Asociación Cultural Bethel | K84: 46257
A85: =A84+1 -> 61 | C85: Huarochirí | D85: Lima | E85: FM | F85: 102.7 | G85: 100 | H85: AL AIRE | I85: PROCESO DE TRAMITE DE TRANSFERENCIA | K85: 46271
A86: 53 | C86: Cabana | D86: Ancash | E86: VHF | F86: 9 | G86: 100 | H86: AL AIRE | I86: Asociación Cultural Bethel | K86: 46273
A87: =A86+1 -> 54 | C87: Pozuzo | D87: Pasco | E87: FM | F87: 97.9 | G87: 250 | H87: AL AIRE | I87: Asociación Cultural Bethel | K87: 46273
A88: =A87+1 -> 55 | C88: Paucartambo - Huamayaco | D88: Pasco | E88: VHF | F88: 9 | G88: 250 | H88: AL AIRE | I88: Asociación Cultural Bethel | K88: 46274
A89: 5 | C89: Acobamba | D89: Junin | E89: FM | F89: 98.9 | G89: 250 | H89: AL AIRE | I89: Asociación Cultural Bethel | K89: 46277
A90: 111 | C90: Chuquibambilla | D90: Apurimac | E90: FM | F90: 95.5 | G90: 250 | H90: AL AIRE | I90: Asociación Cultural Bethel | K90: 46277
A91: =A90+1 -> 112 | C91: Pausa | D91: Ayacucho | E91: FM | F91: 96.1 | G91: 250 | H91: FUERA AL AIRE | I91: Asociación Cultural Bethel | K91: 46277
A92: =A91+1 -> 113 | C92: Picota | D92: San Martin | E92: FM | F92: 101.7 | G92: 250 | H92: AL AIRE | I92: Asociación Cultural Bethel | K92: 46277
A93: =A92+1 -> 114 | C93: Roque | D93: San Martin | E93: FM | F93: 96.7 | G93: 50 | H93: AL AIRE | I93: Asociación Cultural Bethel | K93: 46277
A94: =A93+1 -> 115 | C94: Santiago de Chuco | D94: La Libertad | E94: VHF | F94: 9 | G94: 50 | H94: AL AIRE | I94: PROCESO DE TRAMITE DE TRANSFERENCIA | K94: 46281
A95: =A94+1 -> 116 | C95: Yauli | D95: Huancavelica | E95: FM | F95: 100.7 | G95: 150 | H95: FUERA AL AIRE | I95: Asociación Cultural Bethel | K95: 46287
A96: =A95+1 -> 117 | C96: Paruro | D96: Cusco | E96: VHF | F96: 4 | G96: 50 | H96: AL AIRE | I96: Asociación de Radio y Televisión Riqchary | K96: 46289
A97: =A96+1 -> 118 | C97: Santa Lucia | D97: Puno | E97: FM | F97: 98.1 | G97: 50 | H97: AL AIRE | I97: Asociación Cultural Bethel | K97: 46294
A98: =A97+1 -> 119 | C98: Pomabamba | D98: Ancash | E98: FM | F98: 91.1 | G98: 250 | H98: AL AIRE | I98: Asociación Cultural Bethel | K98: 46295
A99: =A98+1 -> 120 | C99: San Lorenzo - Tahuamanu | D99: Madre de Dios | E99: FM | F99: 93.7 | G99: 100 | H99: AL AIRE | I99: Asociación Cultural Bethel | K99: 46295
A100: 123 | C100: Crucero | D100: Puno | E100: FM | F100: 98.1 | G100: 250 | H100: AL AIRE | I100: Asociación Cultural Bethel | K100: 46299
...

Sheet ESTACIONES
A1: nº | B1: LOCALIDAD | C1: DPTO. | D1: BANDA | E1: FREC. | F1: PRESB. | G1: F.A | H1: INCIDENCIAS | I1: MOTIVO | J1: OBSERVACION | K1: ID | L1: RESPONSABLE | M1: NIVEL | N1: PRESUP S/. | O1: PRESUP $ | P1: LAT | Q1: LNG | R1: GMS | S1: ID
A2: 1 | B2: {=INDEX('informe de Gestión 2021-2025'!C:C, MATCH(S2,#REF!, 0), )} -> #REF! | C2: {=INDEX('informe de Gestión 2021-2025'!D:D, MATCH(S2,#REF!, 0), )} -> #REF! | D2: {=INDEX('informe de Gestión 2021-2025'!I:I, MATCH(S2,#REF!, 0), )} -> #REF! | E2: {=INDEX('informe de Gestión 2021-2025'!K:K, MATCH(S2,#REF!, 0), )} -> #REF! | F2: =INDEX(#REF!, MATCH(S2,#REF!, 0), ) -> #REF! | G2: {=INDEX('informe de Gestión 2021-2025'!#REF!, MATCH(S2,#REF!, 0), )} -> #REF! | H2: =INDEX(#REF!, MATCH(S2,#REF!, 0), ) -> #REF! | I2: =INDEX(#REF!, MATCH(S2,#REF!, 0), ) -> #REF! | J2: =INDEX(#REF!, MATCH(S2,#REF!, 0), ) -> #REF! | K2: =INDEX(#REF!, MATCH(S2,#REF!, 0), ) -> #REF! | L2: =INDEX(#REF!, MATCH(S2,#REF!, 0), ) -> #REF! | M2: =INDEX(#REF!, MATCH(S2,#REF!, 0), ) -> #REF! | N2: =INDEX(#REF!, MATCH(S2,#REF!, 0), ) -> #REF! | O2: =INDEX(#REF!, MATCH(S2,#REF!, 0), ) -> #REF! | P2: -9.7811639 | Q2: -77.619747 | R2: 77.61974722222222°W 9.781163888888889°S | S2: R - 1
A3: 2 | B3: {=INDEX('informe de Gestión 2021-2025'!C:C, MATCH(S3,#REF!, 0), )} -> #REF! | C3: {=INDEX('informe de Gestión 2021-2025'!D:D, MATCH(S3,#REF!, 0), )} -> #REF! | D3: {=INDEX('informe de Gestión 2021-2025'!I:I, MATCH(S3,#REF!, 0), )} -> #REF! | E3: {=INDEX('informe de Gestión 2021-2025'!K:K, MATCH(S3,#REF!, 0), )} -> #REF! | F3: =INDEX(#REF!, MATCH(S3,#REF!, 0), ) -> #REF! | G3: {=INDEX('informe de Gestión 2021-2025'!#REF!, MATCH(S3,#REF!, 0), )} -> #REF! | H3: =INDEX(#REF!, MATCH(S3,#REF!, 0), ) -> #REF! | I3: =INDEX(#REF!, MATCH(S3,#REF!, 0), ) -> #REF! | J3: =INDEX(#REF!, MATCH(S3,#REF!, 0), ) -> #REF! | K3: =INDEX(#REF!, MATCH(S3,#REF!, 0), ) -> #REF! | L3: =INDEX(#REF!, MATCH(S3,#REF!, 0), ) -> #REF! | M3: =INDEX(#REF!, MATCH(S3,#REF!, 0), ) -> #REF! | N3: =INDEX(#REF!, MATCH(S3,#REF!, 0), ) -> #REF! | O3: =INDEX(#REF!, MATCH(S3,#REF!, 0), ) -> #REF! | P3: -9.7811639 | Q3: -77.619747 | R3: 77.61974722222222°W 9.781163888888889°S | S3: R - 2
A4: 3 | B4: {=INDEX('informe de Gestión 2021-2025'!C:C, MATCH(S4,#REF!, 0), )} -> #REF! | C4: {=INDEX('informe de Gestión 2021-2025'!D:D, MATCH(S4,#REF!, 0), )} -> #REF! | D4: {=INDEX('informe de Gestión 2021-2025'!I:I, MATCH(S4,#REF!, 0), )} -> #REF! | E4: {=INDEX('informe de Gestión 2021-2025'!K:K, MATCH(S4,#REF!, 0), )} -> #REF! | F4: =INDEX(#REF!, MATCH(S4,#REF!, 0), ) -> #REF! | G4: {=INDEX('informe de Gestión 2021-2025'!#REF!, MATCH(S4,#REF!, 0), )} -> #REF! | H4: =INDEX(#REF!, MATCH(S4,#REF!, 0), ) -> #REF! | I4: =INDEX(#REF!, MATCH(S4,#REF!, 0), ) -> #REF! | J4: =INDEX(#REF!, MATCH(S4,#REF!, 0), ) -> #REF! | K4: =INDEX(#REF!, MATCH(S4,#REF!, 0), ) -> #REF! | L4: =INDEX(#REF!, MATCH(S4,#REF!, 0), ) -> #REF! | M4: =INDEX(#REF!, MATCH(S4,#REF!, 0), ) -> #REF! | N4: =INDEX(#REF!, MATCH(S4,#REF!, 0), ) -> #REF! | O4: =INDEX(#REF!, MATCH(S4,#REF!, 0), ) -> #REF! | P4: -4.90725 | Q4: -81.053669 | R4: 81.05366944444444°W 4.90725°S | S4: R - 3
A5: 4 | B5: {=INDEX('informe de Gestión 2021-2025'!C:C, MATCH(S5,#REF!, 0), )} -> #REF! | C5: {=INDEX('informe de Gestión 2021-2025'!D:D, MATCH(S5,#REF!, 0), )} -> #REF! | D5: {=INDEX('informe de Gestión 2021-2025'!I:I, MATCH(S5,#REF!, 0), )} -> #REF! | E5: {=INDEX('informe de Gestión 2021-2025'!K:K, MATCH(S5,#REF!, 0), )} -> #REF! | F5: =INDEX(#REF!, MATCH(S5,#REF!, 0), ) -> #REF! | G5: {=INDEX('informe de Gestión 2021-2025'!#REF!, MATCH(S5,#REF!, 0), )} -> #REF! | H5: =INDEX(#REF!, MATCH(S5,#REF!, 0), ) -> #REF! | I5: =INDEX(#REF!, MATCH(S5,#REF!, 0), ) -> #REF! | J5: =INDEX(#REF!, MATCH(S5,#REF!, 0), ) -> #REF! | K5: =INDEX(#REF!, MATCH(S5,#REF!, 0), ) -> #REF! | L5: =INDEX(#REF!, MATCH(S5,#REF!, 0), ) -> #REF! | M5: =INDEX(#REF!, MATCH(S5,#REF!, 0), ) -> #REF! | N5: =INDEX(#REF!, MATCH(S5,#REF!, 0), ) -> #REF! | O5: =INDEX(#REF!, MATCH(S5,#REF!, 0), ) -> #REF! | P5: -4.6357222 | Q5: -79.717861 | R5: 79.71786111111112°W 4.635722222222221°S | S5: R - 4
A6: 5 | B6: {=INDEX('informe de Gestión 2021-2025'!C:C, MATCH(S6,#REF!, 0), )} -> #REF! | C6: {=INDEX('informe de Gestión 2021-2025'!D:D, MATCH(S6,#REF!, 0), )} -> #REF! | D6: {=INDEX('informe de Gestión 2021-2025'!I:I, MATCH(S6,#REF!, 0), )} -> #REF! | E6: {=INDEX('informe de Gestión 2021-2025'!K:K, MATCH(S6,#REF!, 0), )} -> #REF! | F6: =INDEX(#REF!, MATCH(S6,#REF!, 0), ) -> #REF! | G6: {=INDEX('informe de Gestión 2021-2025'!#REF!, MATCH(S6,#REF!, 0), )} -> #REF! | H6: =INDEX(#REF!, MATCH(S6,#REF!, 0), ) -> #REF! | I6: =INDEX(#REF!, MATCH(S6,#REF!, 0), ) -> #REF! | J6: =INDEX(#REF!, MATCH(S6,#REF!, 0), ) -> #REF! | K6: =INDEX(#REF!, MATCH(S6,#REF!, 0), ) -> #REF! | L6: =INDEX(#REF!, MATCH(S6,#REF!, 0), ) -> #REF! | M6: =INDEX(#REF!, MATCH(S6,#REF!, 0), ) -> #REF! | N6: =INDEX(#REF!, MATCH(S6,#REF!, 0), ) -> #REF! | O6: =INDEX(#REF!, MATCH(S6,#REF!, 0), ) -> #REF! | P6: -4.6357222 | Q6: -79.717861 | R6: 79.71786111111112°W 4.635722222222221°S | S6: R - 5
A7: 6 | B7: {=INDEX('informe de Gestión 2021-2025'!C:C, MATCH(S7,#REF!, 0), )} -> #REF! | C7: {=INDEX('informe de Gestión 2021-2025'!D:D, MATCH(S7,#REF!, 0), )} -> #REF! | D7: {=INDEX('informe de Gestión 2021-2025'!I:I, MATCH(S7,#REF!, 0), )} -> #REF! | E7: {=INDEX('informe de Gestión 2021-2025'!K:K, MATCH(S7,#REF!, 0), )} -> #REF! | F7: =INDEX(#REF!, MATCH(S7,#REF!, 0), ) -> #REF! | G7: {=INDEX('informe de Gestión 2021-2025'!#REF!, MATCH(S7,#REF!, 0), )} -> #REF! | H7: =INDEX(#REF!, MATCH(S7,#REF!, 0), ) -> #REF! | I7: =INDEX(#REF!, MATCH(S7,#REF!, 0), ) -> #REF! | J7: =INDEX(#REF!, MATCH(S7,#REF!, 0), ) -> #REF! | K7: =INDEX(#REF!, MATCH(S7,#REF!, 0), ) -> #REF! | L7: =INDEX(#REF!, MATCH(S7,#REF!, 0), ) -> #REF! | M7: =INDEX(#REF!, MATCH(S7,#REF!, 0), ) -> #REF! | N7: =INDEX(#REF!, MATCH(S7,#REF!, 0), ) -> #REF! | O7: =INDEX(#REF!, MATCH(S7,#REF!, 0), ) -> #REF! | P7: -5.6363889 | Q7: -78.508056 | R7: 78.50805555555556°W 5.636388888888888°S | S7: R - 6
A8: 7 | B8: {=INDEX('informe de Gestión 2021-2025'!C:C, MATCH(S8,#REF!, 0), )} -> #REF! | C8: {=INDEX('informe de Gestión 2021-2025'!D:D, MATCH(S8,#REF!, 0), )} -> #REF! | D8: {=INDEX('informe de Gestión 2021-2025'!I:I, MATCH(S8,#REF!, 0), )} -> #REF! | E8: {=INDEX('informe de Gestión 2021-2025'!K:K, MATCH(S8,#REF!, 0), )} -> #REF! | F8: =INDEX(#REF!, MATCH(S8,#REF!, 0), ) -> #REF! | G8: {=INDEX('informe de Gestión 2021-2025'!#REF!, MATCH(S8,#REF!, 0), )} -> #REF! | H8: =INDEX(#REF!, MATCH(S8,#REF!, 0), ) -> #REF! | I8: =INDEX(#REF!, MATCH(S8,#REF!, 0), ) -> #REF! | J8: =INDEX(#REF!, MATCH(S8,#REF!, 0), ) -> #REF! | K8: =INDEX(#REF!, MATCH(S8,#REF!, 0), ) -> #REF! | L8: =INDEX(#REF!, MATCH(S8,#REF!, 0), ) -> #REF! | M8: =INDEX(#REF!, MATCH(S8,#REF!, 0), ) -> #REF! | N8: =INDEX(#REF!, MATCH(S8,#REF!, 0), ) -> #REF! | O8: =INDEX(#REF!, MATCH(S8,#REF!, 0), ) -> #REF! | P8: -5.6359722 | Q8: -78.508667 | R8: 78.50866666666667°W 5.635972222222222°S | S8: R - 7
A9: 8 | B9: {=INDEX('informe de Gestión 2021-2025'!C:C, MATCH(S9,#REF!, 0), )} -> #REF! | C9: {=INDEX('informe de Gestión 2021-2025'!D:D, MATCH(S9,#REF!, 0), )} -> #REF! | D9: {=INDEX('informe de Gestión 2021-2025'!I:I, MATCH(S9,#REF!, 0), )} -> #REF! | E9: {=INDEX('informe de Gestión 2021-2025'!K:K, MATCH(S9,#REF!, 0), )} -> #REF! | F9: =INDEX(#REF!, MATCH(S9,#REF!, 0), ) -> #REF! | G9: {=INDEX('informe de Gestión 2021-2025'!#REF!, MATCH(S9,#REF!, 0), )} -> #REF! | H9: =INDEX(#REF!, MATCH(S9,#REF!, 0), ) -> #REF! | I9: =INDEX(#REF!, MATCH(S9,#REF!, 0), ) -> #REF! | J9: =INDEX(#REF!, MATCH(S9,#REF!, 0), ) -> #REF! | K9: =INDEX(#REF!, MATCH(S9,#REF!, 0), ) -> #REF! | L9: =INDEX(#REF!, MATCH(S9,#REF!, 0), ) -> #REF! | M9: =INDEX(#REF!, MATCH(S9,#REF!, 0), ) -> #REF! | N9: =INDEX(#REF!, MATCH(S9,#REF!, 0), ) -> #REF! | O9: =INDEX(#REF!, MATCH(S9,#REF!, 0), ) -> #REF! | P9: -5.7631389 | Q9: -78.439 | R9: 78.43900000000001°W 5.763138888888889°S | S9: R - 8
A10: 9 | B10: {=INDEX('informe de Gestión 2021-2025'!C:C, MATCH(S10,#REF!, 0), )} -> #REF! | C10: {=INDEX('informe de Gestión 2021-2025'!D:D, MATCH(S10,#REF!, 0), )} -> #REF! | D10: {=INDEX('informe de Gestión 2021-2025'!I:I, MATCH(S10,#REF!, 0), )} -> #REF! | E10: {=INDEX('informe de Gestión 2021-2025'!K:K, MATCH(S10,#REF!, 0), )} -> #REF! | F10: =INDEX(#REF!, MATCH(S10,#REF!, 0), ) -> #REF! | G10: {=INDEX('informe de Gestión 2021-2025'!#REF!, MATCH(S10,#REF!, 0), )} -> #REF! | H10: =INDEX(#REF!, MATCH(S10,#REF!, 0), ) -> #REF! | I10: =INDEX(#REF!, MATCH(S10,#REF!, 0), ) -> #REF! | J10: =INDEX(#REF!, MATCH(S10,#REF!, 0), ) -> #REF! | K10: =INDEX(#REF!, MATCH(S10,#REF!, 0), ) -> #REF! | L10: =INDEX(#REF!, MATCH(S10,#REF!, 0), ) -> #REF! | M10: =INDEX(#REF!, MATCH(S10,#REF!, 0), ) -> #REF! | N10: =INDEX(#REF!, MATCH(S10,#REF!, 0), ) -> #REF! | O10: =INDEX(#REF!, MATCH(S10,#REF!, 0), ) -> #REF! | P10: -6.6993667 | Q10: -78.508639 | R10: 78.50863888888888°W 6.699366666666667°S | S10: R - 9
A11: 10 | B11: {=INDEX('informe de Gestión 2021-2025'!C:C, MATCH(S11,#REF!, 0), )} -> #REF! | C11: {=INDEX('informe de Gestión 2021-2025'!D:D, MATCH(S11,#REF!, 0), )} -> #REF! | D11: {=INDEX('informe de Gestión 2021-2025'!I:I, MATCH(S11,#REF!, 0), )} -> #REF! | E11: {=INDEX('informe de Gestión 2021-2025'!K:K, MATCH(S11,#REF!, 0), )} -> #REF! | F11: =INDEX(#REF!, MATCH(S11,#REF!, 0), ) -> #REF! | G11: {=INDEX('informe de Gestión 2021-2025'!#REF!, MATCH(S11,#REF!, 0), )} -> #REF! | H11: =INDEX(#REF!, MATCH(S11,#REF!, 0), ) -> #REF! | I11: =INDEX(#REF!, MATCH(S11,#REF!, 0), ) -> #REF! | J11: =INDEX(#REF!, MATCH(S11,#REF!, 0), ) -> #REF! | K11: =INDEX(#REF!, MATCH(S11,#REF!, 0), ) -> #REF! | L11: =INDEX(#REF!, MATCH(S11,#REF!, 0), ) -> #REF! | M11: =INDEX(#REF!, MATCH(S11,#REF!, 0), ) -> #REF! | N11: =INDEX(#REF!, MATCH(S11,#REF!, 0), ) -> #REF! | O11: =INDEX(#REF!, MATCH(S11,#REF!, 0), ) -> #REF! | P11: -8.39325 | Q11: -78.007194 | R11: 78.00719444444445°W 8.39325°S | S11: R - 10
A12: 11 | B12: {=INDEX('informe de Gestión 2021-2025'!C:C, MATCH(S12,#REF!, 0), )} -> #REF! | C12: {=INDEX('informe de Gestión 2021-2025'!D:D, MATCH(S12,#REF!, 0), )} -> #REF! | D12: {=INDEX('informe de Gestión 2021-2025'!I:I, MATCH(S12,#REF!, 0), )} -> #REF! | E12: {=INDEX('informe de Gestión 2021-2025'!K:K, MATCH(S12,#REF!, 0), )} -> #REF! | F12: =INDEX(#REF!, MATCH(S12,#REF!, 0), ) -> #REF! | G12: {=INDEX('informe de Gestión 2021-2025'!#REF!, MATCH(S12,#REF!, 0), )} -> #REF! | H12: =INDEX(#REF!, MATCH(S12,#REF!, 0), ) -> #REF! | I12: =INDEX(#REF!, MATCH(S12,#REF!, 0), ) -> #REF! | J12: =INDEX(#REF!, MATCH(S12,#REF!, 0), ) -> #REF! | K12: =INDEX(#REF!, MATCH(S12,#REF!, 0), ) -> #REF! | L12: =INDEX(#REF!, MATCH(S12,#REF!, 0), ) -> #REF! | M12: =INDEX(#REF!, MATCH(S12,#REF!, 0), ) -> #REF! | N12: =INDEX(#REF!, MATCH(S12,#REF!, 0), ) -> #REF! | O12: =INDEX(#REF!, MATCH(S12,#REF!, 0), ) -> #REF! | P12: -8.39325 | Q12: -78.007194 | R12: 78.00719444444445°W 8.39325°S | S12: R - 11
A13: 12 | B13: {=INDEX('informe de Gestión 2021-2025'!C:C, MATCH(S13,#REF!, 0), )} -> #REF! | C13: {=INDEX('informe de Gestión 2021-2025'!D:D, MATCH(S13,#REF!, 0), )} -> #REF! | D13: {=INDEX('informe de Gestión 2021-2025'!I:I, MATCH(S13,#REF!, 0), )} -> #REF! | E13: {=INDEX('informe de Gestión 2021-2025'!K:K, MATCH(S13,#REF!, 0), )} -> #REF! | F13: =INDEX(#REF!, MATCH(S13,#REF!, 0), ) -> #REF! | G13: {=INDEX('informe de Gestión 2021-2025'!#REF!, MATCH(S13,#REF!, 0), )} -> #REF! | H13: =INDEX(#REF!, MATCH(S13,#REF!, 0), ) -> #REF! | I13: =INDEX(#REF!, MATCH(S13,#REF!, 0), ) -> #REF! | J13: =INDEX(#REF!, MATCH(S13,#REF!, 0), ) -> #REF! | K13: =INDEX(#REF!, MATCH(S13,#REF!, 0), ) -> #REF! | L13: =INDEX(#REF!, MATCH(S13,#REF!, 0), ) -> #REF! | M13: =INDEX(#REF!, MATCH(S13,#REF!, 0), ) -> #REF! | N13: =INDEX(#REF!, MATCH(S13,#REF!, 0), ) -> #REF! | O13: =INDEX(#REF!, MATCH(S13,#REF!, 0), ) -> #REF! | P13: -7.6234722 | Q13: -78.039417 | R13: 78.03941666666667°W 7.623472222222222°S | S13: R - 12
... A39: 38 | B39: {=INDEX('informe de Gestión 2021-2025'!C:C, MATCH(S39,#REF!, 0), )} -> #REF! | C39: {=INDEX('informe de Gestión 2021-2025'!D:D, MATCH(S39,#REF!, 0), )} -> #REF! | D39: {=INDEX('informe de Gestión 2021-2025'!I:I, MATCH(S39,#REF!, 0), )} -> #REF! | E39: {=INDEX('informe de Gestión 2021-2025'!K:K, MATCH(S39,#REF!, 0), )} -> #REF! | F39: =INDEX(#REF!, MATCH(S39,#REF!, 0), ) -> #REF! | G39: {=INDEX('informe de Gestión 2021-2025'!#REF!, MATCH(S39,#REF!, 0), )} -> #REF! | H39: =INDEX(#REF!, MATCH(S39,#REF!, 0), ) -> #REF! | I39: =INDEX(#REF!, MATCH(S39,#REF!, 0), ) -> #REF! | J39: =INDEX(#REF!, MATCH(S39,#REF!, 0), ) -> #REF! | K39: =INDEX(#REF!, MATCH(S39,#REF!, 0), ) -> #REF! | L39: =INDEX(#REF!, MATCH(S39,#REF!, 0), ) -> #REF! | M39: =INDEX(#REF!, MATCH(S39,#REF!, 0), ) -> #REF! | N39: =INDEX(#REF!, MATCH(S39,#REF!, 0), ) -> #REF! | O39: =INDEX(#REF!, MATCH(S39,#REF!, 0), ) -> #REF! | P39: -8.2655111 | Q39: -77.850892 | R39: 77.85089166666666°W 8.265511111111111°S | S39: R - 38
A40: 39 | B40: {=INDEX('informe de Gestión 2021-2025'!C:C, MATCH(S40,#REF!, 0), )} -> #REF! | C40: {=INDEX('informe de Gestión 2021-2025'!D:D, MATCH(S40,#REF!, 0), )} -> #REF! | D40: {=INDEX('informe de Gestión 2021-2025'!I:I, MATCH(S40,#REF!, 0), )} -> #REF! | E40: {=INDEX('informe de Gestión 2021-2025'!K:K, MATCH(S40,#REF!, 0), )} -> #REF! | F40: =INDEX(#REF!, MATCH(S40,#REF!, 0), ) -> #REF! | G40: {=INDEX('informe de Gestión 2021-2025'!#REF!, MATCH(S40,#REF!, 0), )} -> #REF! | H40: =INDEX(#REF!, MATCH(S40,#REF!, 0), ) -> #REF! | I40: =INDEX(#REF!, MATCH(S40,#REF!, 0), ) -> #REF! | J40: =INDEX(#REF!, MATCH(S40,#REF!, 0), ) -> #REF! | K40: =INDEX(#REF!, MATCH(S40,#REF!, 0), ) -> #REF! | L40: =INDEX(#REF!, MATCH(S40,#REF!, 0), ) -> #REF! | M40: =INDEX(#REF!, MATCH(S40,#REF!, 0), ) -> #REF! | N40: =INDEX(#REF!, MATCH(S40,#REF!, 0), ) -> #REF! | O40: =INDEX(#REF!, MATCH(S40,#REF!, 0), ) -> #REF! | S40: R - 39
A41: 40 | B41: {=INDEX('informe de Gestión 2021-2025'!C:C, MATCH(S41,#REF!, 0), )} -> #REF! | C41: {=INDEX('informe de Gestión 2021-2025'!D:D, MATCH(S41,#REF!, 0), )} -> #REF! | D41: {=INDEX('informe de Gestión 2021-2025'!I:I, MATCH(S41,#REF!, 0), )} -> #REF! | E41: {=INDEX('informe de Gestión 2021-2025'!K:K, MATCH(S41,#REF!, 0), )} -> #REF! | F41: =INDEX(#REF!, MATCH(S41,#REF!, 0), ) -> #REF! | G41: {=INDEX('informe de Gestión 2021-2025'!#REF!, MATCH(S41,#REF!, 0), )} -> #REF! | H41: =INDEX(#REF!, MATCH(S41,#REF!, 0), ) -> #REF! | I41: =INDEX(#REF!, MATCH(S41,#REF!, 0), ) -> #REF! | J41: =INDEX(#REF!, MATCH(S41,#REF!, 0), ) -> #REF! | K41: =INDEX(#REF!, MATCH(S41,#REF!, 0), ) -> #REF! | L41: =INDEX(#REF!, MATCH(S41,#REF!, 0), ) -> #REF! | M41: =INDEX(#REF!, MATCH(S41,#REF!, 0), ) -> #REF! | N41: =INDEX(#REF!, MATCH(S41,#REF!, 0), ) -> #REF! | O41: =INDEX(#REF!, MATCH(S41,#REF!, 0), ) -> #REF! | P41: -5.9279444 | Q41: -77.941417 | R41: 77.94141666666667°W 5.927944444444445°S | S41: R - 40
A42: 41 | B42: {=INDEX('informe de Gestión 2021-2025'!C:C, MATCH(S42,#REF!, 0), )} -> #REF! | C42: {=INDEX('informe de Gestión 2021-2025'!D:D, MATCH(S42,#REF!, 0), )} -> #REF! | D42: {=INDEX('informe de Gestión 2021-2025'!I:I, MATCH(S42,#REF!, 0), )} -> #REF! | E42: {=INDEX('informe de Gestión 2021-2025'!K:K, MATCH(S42,#REF!, 0), )} -> #REF! | F42: =INDEX(#REF!, MATCH(S42,#REF!, 0), ) -> #REF! | G42: {=INDEX('informe de Gestión 2021-2025'!#REF!, MATCH(S42,#REF!, 0), )} -> #REF! | H42: =INDEX(#REF!, MATCH(S42,#REF!, 0), ) -> #REF! | I42: =INDEX(#REF!, MATCH(S42,#REF!, 0), ) -> #REF! | J42: =INDEX(#REF!, MATCH(S42,#REF!, 0), ) -> #REF! | K42: =INDEX(#REF!, MATCH(S42,#REF!, 0), ) -> #REF! | L42: =INDEX(#REF!, MATCH(S42,#REF!, 0), ) -> #REF! | M42: =INDEX(#REF!, MATCH(S42,#REF!, 0), ) -> #REF! | N42: =INDEX(#REF!, MATCH(S42,#REF!, 0), ) -> #REF! | O42: =INDEX(#REF!, MATCH(S42,#REF!, 0), ) -> #REF! | P42: -6.3729722 | Q42: -78.802472 | R42: 78.80247222222222°W 6.372972222222222°S | S42: R - 41
A43: 42 | B43: {=INDEX('informe de Gestión 2021-2025'!C:C, MATCH(S43,#REF!, 0), )} -> #REF! | C43: {=INDEX('informe de Gestión 2021-2025'!D:D, MATCH(S43,#REF!, 0), )} -> #REF! | D43: {=INDEX('informe de Gestión 2021-2025'!I:I, MATCH(S43,#REF!, 0), )} -> #REF! | E43: {=INDEX('informe de Gestión 2021-2025'!K:K, MATCH(S43,#REF!, 0), )} -> #REF! | F43: =INDEX(#REF!, MATCH(S43,#REF!, 0), ) -> #REF! | G43: {=INDEX('informe de Gestión 2021-2025'!#REF!, MATCH(S43,#REF!, 0), )} -> #REF! | H43: =INDEX(#REF!, MATCH(S43,#REF!, 0), ) -> #REF! | I43: =INDEX(#REF!, MATCH(S43,#REF!, 0), ) -> #REF! | J43: =INDEX(#REF!, MATCH(S43,#REF!, 0), ) -> #REF! | K43: =INDEX(#REF!, MATCH(S43,#REF!, 0), ) -> #REF! | L43: =INDEX(#REF!, MATCH(S43,#REF!, 0), ) -> #REF! | M43: =INDEX(#REF!, MATCH(S43,#REF!, 0), ) -> #REF! | N43: =INDEX(#REF!, MATCH(S43,#REF!, 0), ) -> #REF! | O43: =INDEX(#REF!, MATCH(S43,#REF!, 0), ) -> #REF! | P43: -8.6013056 | Q43: -77.139889 | R43: 77.13988888888889°W 8.601305555555555°S | S43: R - 42
A44: 43 | B44: {=INDEX('informe de Gestión 2021-2025'!C:C, MATCH(S44,#REF!, 0), )} -> #REF! | C44: {=INDEX('informe de Gestión 2021-2025'!D:D, MATCH(S44,#REF!, 0), )} -> #REF! | D44: {=INDEX('informe de Gestión 2021-2025'!I:I, MATCH(S44,#REF!, 0), )} -> #REF! | E44: {=INDEX('informe de Gestión 2021-2025'!K:K, MATCH(S44,#REF!, 0), )} -> #REF! | F44: =INDEX(#REF!, MATCH(S44,#REF!, 0), ) -> #REF! | G44: {=INDEX('informe de Gestión 2021-2025'!#REF!, MATCH(S44,#REF!, 0), )} -> #REF! | H44: =INDEX(#REF!, MATCH(S44,#REF!, 0), ) -> #REF! | I44: =INDEX(#REF!, MATCH(S44,#REF!, 0), ) -> #REF! | J44: =INDEX(#REF!, MATCH(S44,#REF!, 0), ) -> #REF! | K44: =INDEX(#REF!, MATCH(S44,#REF!, 0), ) -> #REF! | L44: =INDEX(#REF!, MATCH(S44,#REF!, 0), ) -> #REF! | M44: =INDEX(#REF!, MATCH(S44,#REF!, 0), ) -> #REF! | N44: =INDEX(#REF!, MATCH(S44,#REF!, 0), ) -> #REF! | O44: =INDEX(#REF!, MATCH(S44,#REF!, 0), ) -> #REF! | P44: -7.8130556 | Q44: -78.049111 | R44: 78.0491111111111°W 7.813055555555556°S | S44: R - 43
A45: 44 | B45: {=INDEX('informe de Gestión 2021-2025'!C:C, MATCH(S45,#REF!, 0), )} -> #REF! | C45: {=INDEX('informe de Gestión 2021-2025'!D:D, MATCH(S45,#REF!, 0), )} -> #REF! | D45: {=INDEX('informe de Gestión 2021-2025'!I:I, MATCH(S45,#REF!, 0), )} -> #REF! | E45: {=INDEX('informe de Gestión 2021-2025'!K:K, MATCH(S45,#REF!, 0), )} -> #REF! | F45: =INDEX(#REF!, MATCH(S45,#REF!, 0), ) -> #REF! | G45: {=INDEX('informe de Gestión 2021-2025'!#REF!, MATCH(S45,#REF!, 0), )} -> #REF! | H45: =INDEX(#REF!, MATCH(S45,#REF!, 0), ) -> #REF! | I45: =INDEX(#REF!, MATCH(S45,#REF!, 0), ) -> #REF! | J45: =INDEX(#REF!, MATCH(S45,#REF!, 0), ) -> #REF! | K45: =INDEX(#REF!, MATCH(S45,#REF!, 0), ) -> #REF! | L45: =INDEX(#REF!, MATCH(S45,#REF!, 0), ) -> #REF! | M45: =INDEX(#REF!, MATCH(S45,#REF!, 0), ) -> #REF! | N45: =INDEX(#REF!, MATCH(S45,#REF!, 0), ) -> #REF! | O45: =INDEX(#REF!, MATCH(S45,#REF!, 0), ) -> #REF! | P45: -5.2429056 | Q45: -79.433769 | R45: 79.43376944444445°W 5.242905555555556°S | S45: R - 44
A46: 45 | B46: {=INDEX('informe de Gestión 2021-2025'!C:C, MATCH(S46,#REF!, 0), )} -> #REF! | C46: {=INDEX('informe de Gestión 2021-2025'!D:D, MATCH(S46,#REF!, 0), )} -> #REF! | D46: {=INDEX('informe de Gestión 2021-2025'!I:I, MATCH(S46,#REF!, 0), )} -> #REF! | E46: {=INDEX('informe de Gestión 2021-2025'!K:K, MATCH(S46,#REF!, 0), )} -> #REF! | F46: =INDEX(#REF!, MATCH(S46,#REF!, 0), ) -> #REF! | G46: {=INDEX('informe de Gestión 2021-2025'!#REF!, MATCH(S46,#REF!, 0), )} -> #REF! | H46: =INDEX(#REF!, MATCH(S46,#REF!, 0), ) -> #REF! | I46: =INDEX(#REF!, MATCH(S46,#REF!, 0), ) -> #REF! | J46: =INDEX(#REF!, MATCH(S46,#REF!, 0), ) -> #REF! | K46: =INDEX(#REF!, MATCH(S46,#REF!, 0), ) -> #REF! | L46: =INDEX(#REF!, MATCH(S46,#REF!, 0), ) -> #REF! | M46: =INDEX(#REF!, MATCH(S46,#REF!, 0), ) -> #REF! | N46: =INDEX(#REF!, MATCH(S46,#REF!, 0), ) -> #REF! | O46: =INDEX(#REF!, MATCH(S46,#REF!, 0), ) -> #REF! | P46: -5.2429056 | Q46: -79.433769 | R46: 79.43376944444445°W 5.242905555555556°S | S46: R - 45
A47: 46 | B47: {=INDEX('informe de Gestión 2021-2025'!C:C, MATCH(S47,#REF!, 0), )} -> #REF! | C47: {=INDEX('informe de Gestión 2021-2025'!D:D, MATCH(S47,#REF!, 0), )} -> #REF! | D47: {=INDEX('informe de Gestión 2021-2025'!I:I, MATCH(S47,#REF!, 0), )} -> #REF! | E47: {=INDEX('informe de Gestión 2021-2025'!K:K, MATCH(S47,#REF!, 0), )} -> #REF! | F47: =INDEX(#REF!, MATCH(S47,#REF!, 0), ) -> #REF! | G47: {=INDEX('informe de Gestión 2021-2025'!#REF!, MATCH(S47,#REF!, 0), )} -> #REF! | H47: =INDEX(#REF!, MATCH(S47,#REF!, 0), ) -> #REF! | I47: =INDEX(#REF!, MATCH(S47,#REF!, 0), ) -> #REF! | J47: =INDEX(#REF!, MATCH(S47,#REF!, 0), ) -> #REF! | K47: =INDEX(#REF!, MATCH(S47,#REF!, 0), ) -> #REF! | L47: =INDEX(#REF!, MATCH(S47,#REF!, 0), ) -> #REF! | M47: =INDEX(#REF!, MATCH(S47,#REF!, 0), ) -> #REF! | N47: =INDEX(#REF!, MATCH(S47,#REF!, 0), ) -> #REF! | O47: =INDEX(#REF!, MATCH(S47,#REF!, 0), ) -> #REF! | P47: -9.7226389 | Q47: -77.816194 | R47: 77.81619444444445°W 9.72263888888889°S | S47: R - 46
A48: 47 | B48: {=INDEX('informe de Gestión 2021-2025'!C:C, MATCH(S48,#REF!, 0), )} -> #REF! | C48: {=INDEX('informe de Gestión 2021-2025'!D:D, MATCH(S48,#REF!, 0), )} -> #REF! | D48: {=INDEX('informe de Gestión 2021-2025'!I:I, MATCH(S48,#REF!, 0), )} -> #REF! | E48: {=INDEX('informe de Gestión 2021-2025'!K:K, MATCH(S48,#REF!, 0), )} -> #REF! | F48: =INDEX(#REF!, MATCH(S48,#REF!, 0), ) -> #REF! | G48: {=INDEX('informe de Gestión 2021-2025'!#REF!, MATCH(S48,#REF!, 0), )} -> #REF! | H48: =INDEX(#REF!, MATCH(S48,#REF!, 0), ) -> #REF! | I48: =INDEX(#REF!, MATCH(S48,#REF!, 0), ) -> #REF! | J48: =INDEX(#REF!, MATCH(S48,#REF!, 0), ) -> #REF! | K48: =INDEX(#REF!, MATCH(S48,#REF!, 0), ) -> #REF! | L48: =INDEX(#REF!, MATCH(S48,#REF!, 0), ) -> #REF! | M48: =INDEX(#REF!, MATCH(S48,#REF!, 0), ) -> #REF! | N48: =INDEX(#REF!, MATCH(S48,#REF!, 0), ) -> #REF! | O48: =INDEX(#REF!, MATCH(S48,#REF!, 0), ) -> #REF! | P48: -9.5198611 | Q48: -77.516611 | R48: 77.51661111111112°W 9.519861111111112°S | S48: R - 47
A49: 48 | B49: {=INDEX('informe de Gestión 2021-2025'!C:C, MATCH(S49,#REF!, 0), )} -> #REF! | C49: {=INDEX('informe de Gestión 2021-2025'!D:D, MATCH(S49,#REF!, 0), )} -> #REF! | D49: {=INDEX('informe de Gestión 2021-2025'!I:I, MATCH(S49,#REF!, 0), )} -> #REF! | E49: {=INDEX('informe de Gestión 2021-2025'!K:K, MATCH(S49,#REF!, 0), )} -> #REF! | F49: =INDEX(#REF!, MATCH(S49,#REF!, 0), ) -> #REF! | G49: {=INDEX('informe de Gestión 2021-2025'!#REF!, MATCH(S49,#REF!, 0), )} -> #REF! | H49: =INDEX(#REF!, MATCH(S49,#REF!, 0), ) -> #REF! | I49: =INDEX(#REF!, MATCH(S49,#REF!, 0), ) -> #REF! | J49: =INDEX(#REF!, MATCH(S49,#REF!, 0), ) -> #REF! | K49: =INDEX(#REF!, MATCH(S49,#REF!, 0), ) -> #REF! | L49: =INDEX(#REF!, MATCH(S49,#REF!, 0), ) -> #REF! | M49: =INDEX(#REF!, MATCH(S49,#REF!, 0), ) -> #REF! | N49: =INDEX(#REF!, MATCH(S49,#REF!, 0), ) -> #REF! | O49: =INDEX(#REF!, MATCH(S49,#REF!, 0), ) -> #REF! | P49: -9.5198056 | Q49: -77.516611 | R49: 77.51661111111112°W 9.519805555555557°S | S49: R - 48
A50: 49 | B50: {=INDEX('informe de Gestión 2021-2025'!C:C, MATCH(S50,#REF!, 0), )} -> #REF! | C50: {=INDEX('informe de Gestión 2021-2025'!D:D, MATCH(S50,#REF!, 0), )} -> #REF! | D50: {=INDEX('informe de Gestión 2021-2025'!I:I, MATCH(S50,#REF!, 0), )} -> #REF! | E50: {=INDEX('informe de Gestión 2021-2025'!K:K, MATCH(S50,#REF!, 0), )} -> #REF! | F50: =INDEX(#REF!, MATCH(S50,#REF!, 0), ) -> #REF! | G50: {=INDEX('informe de Gestión 2021-2025'!#REF!, MATCH(S50,#REF!, 0), )} -> #REF! | H50: =INDEX(#REF!, MATCH(S50,#REF!, 0), ) -> #REF! | I50: =INDEX(#REF!, MATCH(S50,#REF!, 0), ) -> #REF! | J50: =INDEX(#REF!, MATCH(S50,#REF!, 0), ) -> #REF! | K50: =INDEX(#REF!, MATCH(S50,#REF!, 0), ) -> #REF! | L50: =INDEX(#REF!, MATCH(S50,#REF!, 0), ) -> #REF! | M50: =INDEX(#REF!, MATCH(S50,#REF!, 0), ) -> #REF! | N50: =INDEX(#REF!, MATCH(S50,#REF!, 0), ) -> #REF! | O50: =INDEX(#REF!, MATCH(S50,#REF!, 0), ) -> #REF! | P50: -9.3481111 | Q50: -77.17625 | R50: 77.17625000000001°W 9.348111111111113°S | S50: R - 49
A51: 50 | B51: {=INDEX('informe de Gestión 2021-2025'!C:C, MATCH(S51,#REF!, 0), )} -> #REF! | C51: {=INDEX('informe de Gestión 2021-2025'!D:D, MATCH(S51,#REF!, 0), )} -> #REF! | D51: {=INDEX('informe de Gestión 2021-2025'!I:I, MATCH(S51,#REF!, 0), )} -> #REF! | E51: {=INDEX('informe de Gestión 2021-2025'!K:K, MATCH(S51,#REF!, 0), )} -> #REF! | F51: =INDEX(#REF!, MATCH(S51,#REF!, 0), ) -> #REF! | G51: {=INDEX('informe de Gestión 2021-2025'!#REF!, MATCH(S51,#REF!, 0), )} -> #REF! | H51: =INDEX(#REF!, MATCH(S51,#REF!, 0), ) -> #REF! | I51: =INDEX(#REF!, MATCH(S51,#REF!, 0), ) -> #REF! | J51: =INDEX(#REF!, MATCH(S51,#REF!, 0), ) -> #REF! | K51: =INDEX(#REF!, MATCH(S51,#REF!, 0), ) -> #REF! | L51: =INDEX(#REF!, MATCH(S51,#REF!, 0), ) -> #REF! | M51: =INDEX(#REF!, MATCH(S51,#REF!, 0), ) -> #REF! | N51: =INDEX(#REF!, MATCH(S51,#REF!, 0), ) -> #REF! | O51: =INDEX(#REF!, MATCH(S51,#REF!, 0), ) -> #REF! | P51: -10.074139 | Q51: -78.150333 | R51: 78.15033333333334°W 10.07413888888889°S | S51: R - 50
A52: 51 | B52: {=INDEX('informe de Gestión 2021-2025'!C:C, MATCH(S52,#REF!, 0), )} -> #REF! | C52: {=INDEX('informe de Gestión 2021-2025'!D:D, MATCH(S52,#REF!, 0), )} -> #REF! | D52: {=INDEX('informe de Gestión 2021-2025'!I:I, MATCH(S52,#REF!, 0), )} -> #REF! | E52: {=INDEX('informe de Gestión 2021-2025'!K:K, MATCH(S52,#REF!, 0), )} -> #REF! | F52: =INDEX(#REF!, MATCH(S52,#REF!, 0), ) -> #REF! | G52: {=INDEX('informe de Gestión 2021-2025'!#REF!, MATCH(S52,#REF!, 0), )} -> #REF! | H52: =INDEX(#REF!, MATCH(S52,#REF!, 0), ) -> #REF! | I52: =INDEX(#REF!, MATCH(S52,#REF!, 0), ) -> #REF! | J52: =INDEX(#REF!, MATCH(S52,#REF!, 0), ) -> #REF! | K52: =INDEX(#REF!, MATCH(S52,#REF!, 0), ) -> #REF! | L52: =INDEX(#REF!, MATCH(S52,#REF!, 0), ) -> #REF! | M52: =INDEX(#REF!, MATCH(S52,#REF!, 0), ) -> #REF! | N52: =INDEX(#REF!, MATCH(S52,#REF!, 0), ) -> #REF! | O52: =INDEX(#REF!, MATCH(S52,#REF!, 0), ) -> #REF! | P52: -10.074139 | Q52: -78.150333 | R52: 78.15033333333334°W 10.07413888888889°S | S52: R - 51
... A85: 84 | B85: {=INDEX('informe de Gestión 2021-2025'!C:C, MATCH(S85,#REF!, 0), )} -> #REF! | C85: {=INDEX('informe de Gestión 2021-2025'!D:D, MATCH(S85,#REF!, 0), )} -> #REF! | D85: {=INDEX('informe de Gestión 2021-2025'!I:I, MATCH(S85,#REF!, 0), )} -> #REF! | E85: {=INDEX('informe de Gestión 2021-2025'!K:K, MATCH(S85,#REF!, 0), )} -> #REF! | F85: =INDEX(#REF!, MATCH(S85,#REF!, 0), ) -> #REF! | G85: {=INDEX('informe de Gestión 2021-2025'!#REF!, MATCH(S85,#REF!, 0), )} -> #REF! | H85: =INDEX(#REF!, MATCH(S85,#REF!, 0), ) -> #REF! | I85: =INDEX(#REF!, MATCH(S85,#REF!, 0), ) -> #REF! | J85: =INDEX(#REF!, MATCH(S85,#REF!, 0), ) -> #REF! | K85: =INDEX(#REF!, MATCH(S85,#REF!, 0), ) -> #REF! | L85: =INDEX(#REF!, MATCH(S85,#REF!, 0), ) -> #REF! | M85: =INDEX(#REF!, MATCH(S85,#REF!, 0), ) -> #REF! | N85: =INDEX(#REF!, MATCH(S85,#REF!, 0), ) -> #REF! | O85: =INDEX(#REF!, MATCH(S85,#REF!, 0), ) -> #REF! | P85: -6.9244167 | Q85: -76.330917 | R85: 76.33091666666667°W 6.924416666666667°S | S85: R - 84
A86: 85 | B86: {=INDEX('informe de Gestión 2021-2025'!C:C, MATCH(S86,#REF!, 0), )} -> #REF! | C86: {=INDEX('informe de Gestión 2021-2025'!D:D, MATCH(S86,#REF!, 0), )} -> #REF! | D86: {=INDEX('informe de Gestión 2021-2025'!I:I, MATCH(S86,#REF!, 0), )} -> #REF! | E86: {=INDEX('informe de Gestión 2021-2025'!K:K, MATCH(S86,#REF!, 0), )} -> #REF! | F86: =INDEX(#REF!, MATCH(S86,#REF!, 0), ) -> #REF! | G86: {=INDEX('informe de Gestión 2021-2025'!#REF!, MATCH(S86,#REF!, 0), )} -> #REF! | H86: =INDEX(#REF!, MATCH(S86,#REF!, 0), ) -> #REF! | I86: =INDEX(#REF!, MATCH(S86,#REF!, 0), ) -> #REF! | J86: =INDEX(#REF!, MATCH(S86,#REF!, 0), ) -> #REF! | K86: =INDEX(#REF!, MATCH(S86,#REF!, 0), ) -> #REF! | L86: =INDEX(#REF!, MATCH(S86,#REF!, 0), ) -> #REF! | M86: =INDEX(#REF!, MATCH(S86,#REF!, 0), ) -> #REF! | N86: =INDEX(#REF!, MATCH(S86,#REF!, 0), ) -> #REF! | O86: =INDEX(#REF!, MATCH(S86,#REF!, 0), ) -> #REF! | S86: R - 85
A87: 86 | B87: {=INDEX('informe de Gestión 2021-2025'!C:C, MATCH(S87,#REF!, 0), )} -> #REF! | C87: {=INDEX('informe de Gestión 2021-2025'!D:D, MATCH(S87,#REF!, 0), )} -> #REF! | D87: {=INDEX('informe de Gestión 2021-2025'!I:I, MATCH(S87,#REF!, 0), )} -> #REF! | E87: {=INDEX('informe de Gestión 2021-2025'!K:K, MATCH(S87,#REF!, 0), )} -> #REF! | F87: =INDEX(#REF!, MATCH(S87,#REF!, 0), ) -> #REF! | G87: {=INDEX('informe de Gestión 2021-2025'!#REF!, MATCH(S87,#REF!, 0), )} -> #REF! | H87: =INDEX(#REF!, MATCH(S87,#REF!, 0), ) -> #REF! | I87: =INDEX(#REF!, MATCH(S87,#REF!, 0), ) -> #REF! | J87: =INDEX(#REF!, MATCH(S87,#REF!, 0), ) -> #REF! | K87: =INDEX(#REF!, MATCH(S87,#REF!, 0), ) -> #REF! | L87: =INDEX(#REF!, MATCH(S87,#REF!, 0), ) -> #REF! | M87: =INDEX(#REF!, MATCH(S87,#REF!, 0), ) -> #REF! | N87: =INDEX(#REF!, MATCH(S87,#REF!, 0), ) -> #REF! | O87: =INDEX(#REF!, MATCH(S87,#REF!, 0), ) -> #REF! | P87: -8.8637611 | Q87: -77.368547 | R87: 77.36854722222222°W 8.86376111111111°S | S87: R - 86
A88: 87 | B88: {=INDEX('informe de Gestión 2021-2025'!C:C, MATCH(S88,#REF!, 0), )} -> #REF! | C88: {=INDEX('informe de Gestión 2021-2025'!D:D, MATCH(S88,#REF!, 0), )} -> #REF! | D88: {=INDEX('informe de Gestión 2021-2025'!I:I, MATCH(S88,#REF!, 0), )} -> #REF! | E88: {=INDEX('informe de Gestión 2021-2025'!K:K, MATCH(S88,#REF!, 0), )} -> #REF! | F88: =INDEX(#REF!, MATCH(S88,#REF!, 0), ) -> #REF! | G88: {=INDEX('informe de Gestión 2021-2025'!#REF!, MATCH(S88,#REF!, 0), )} -> #REF! | H88: =INDEX(#REF!, MATCH(S88,#REF!, 0), ) -> #REF! | I88: =INDEX(#REF!, MATCH(S88,#REF!, 0), ) -> #REF! | J88: =INDEX(#REF!, MATCH(S88,#REF!, 0), ) -> #REF! | K88: =INDEX(#REF!, MATCH(S88,#REF!, 0), ) -> #REF! | L88: =INDEX(#REF!, MATCH(S88,#REF!, 0), ) -> #REF! | M88: =INDEX(#REF!, MATCH(S88,#REF!, 0), ) -> #REF! | N88: =INDEX(#REF!, MATCH(S88,#REF!, 0), ) -> #REF! | O88: =INDEX(#REF!, MATCH(S88,#REF!, 0), ) -> #REF! | P88: -5.2031444 | Q88: -80.632061 | R88: 80.6320611111111°W 5.203144444444445°S | S88: R - 87
A89: 88 | B89: {=INDEX('informe de Gestión 2021-2025'!C:C, MATCH(S89,#REF!, 0), )} -> #REF! | C89: {=INDEX('informe de Gestión 2021-2025'!D:D, MATCH(S89,#REF!, 0), )} -> #REF! | D89: {=INDEX('informe de Gestión 2021-2025'!I:I, MATCH(S89,#REF!, 0), )} -> #REF! | E89: {=INDEX('informe de Gestión 2021-2025'!K:K, MATCH(S89,#REF!, 0), )} -> #REF! | F89: =INDEX(#REF!, MATCH(S89,#REF!, 0), ) -> #REF! | G89: {=INDEX('informe de Gestión 2021-2025'!#REF!, MATCH(S89,#REF!, 0), )} -> #REF! | H89: =INDEX(#REF!, MATCH(S89,#REF!, 0), ) -> #REF! | I89: =INDEX(#REF!, MATCH(S89,#REF!, 0), ) -> #REF! | J89: =INDEX(#REF!, MATCH(S89,#REF!, 0), ) -> #REF! | K89: =INDEX(#REF!, MATCH(S89,#REF!, 0), ) -> #REF! | L89: =INDEX(#REF!, MATCH(S89,#REF!, 0), ) -> #REF! | M89: =INDEX(#REF!, MATCH(S89,#REF!, 0), ) -> #REF! | N89: =INDEX(#REF!, MATCH(S89,#REF!, 0), ) -> #REF! | O89: =INDEX(#REF!, MATCH(S89,#REF!, 0), ) -> #REF! | P89: -5.13325 | Q89: -80.642639 | R89: 80.6426388888889°W 5.133249999999999°S | S89: R - 88
A90: 89 | B90: {=INDEX('informe de Gestión 2021-2025'!C:C, MATCH(S90,#REF!, 0), )} -> #REF! | C90: {=INDEX('informe de Gestión 2021-2025'!D:D, MATCH(S90,#REF!, 0), )} -> #REF! | D90: {=INDEX('informe de Gestión 2021-2025'!I:I, MATCH(S90,#REF!, 0), )} -> #REF! | E90: {=INDEX('informe de Gestión 2021-2025'!K:K, MATCH(S90,#REF!, 0), )} -> #REF! | F90: =INDEX(#REF!, MATCH(S90,#REF!, 0), ) -> #REF! | G90: {=INDEX('informe de Gestión 2021-2025'!#REF!, MATCH(S90,#REF!, 0), )} -> #REF! | H90: =INDEX(#REF!, MATCH(S90,#REF!, 0), ) -> #REF! | I90: =INDEX(#REF!, MATCH(S90,#REF!, 0), ) -> #REF! | J90: =INDEX(#REF!, MATCH(S90,#REF!, 0), ) -> #REF! | K90: =INDEX(#REF!, MATCH(S90,#REF!, 0), ) -> #REF! | L90: =INDEX(#REF!, MATCH(S90,#REF!, 0), ) -> #REF! | M90: =INDEX(#REF!, MATCH(S90,#REF!, 0), ) -> #REF! | N90: =INDEX(#REF!, MATCH(S90,#REF!, 0), ) -> #REF! | O90: =INDEX(#REF!, MATCH(S90,#REF!, 0), ) -> #REF! | P90: -5.1335278 | Q90: -80.641861 | R90: 80.64186111111111°W 5.133527777777778°S | S90: R - 89
A91: 90 | B91: {=INDEX('informe de Gestión 2021-2025'!C:C, MATCH(S91,#REF!, 0), )} -> #REF! | C91: {=INDEX('informe de Gestión 2021-2025'!D:D, MATCH(S91,#REF!, 0), )} -> #REF! | D91: {=INDEX('informe de Gestión 2021-2025'!I:I, MATCH(S91,#REF!, 0), )} -> #REF! | E91: {=INDEX('informe de Gestión 2021-2025'!K:K, MATCH(S91,#REF!, 0), )} -> #REF! | F91: =INDEX(#REF!, MATCH(S91,#REF!, 0), ) -> #REF! | G91: {=INDEX('informe de Gestión 2021-2025'!#REF!, MATCH(S91,#REF!, 0), )} -> #REF! | H91: =INDEX(#REF!, MATCH(S91,#REF!, 0), ) -> #REF! | I91: =INDEX(#REF!, MATCH(S91,#REF!, 0), ) -> #REF! | J91: =INDEX(#REF!, MATCH(S91,#REF!, 0), ) -> #REF! | K91: =INDEX(#REF!, MATCH(S91,#REF!, 0), ) -> #REF! | L91: =INDEX(#REF!, MATCH(S91,#REF!, 0), ) -> #REF! | M91: =INDEX(#REF!, MATCH(S91,#REF!, 0), ) -> #REF! | N91: =INDEX(#REF!, MATCH(S91,#REF!, 0), ) -> #REF! | O91: =INDEX(#REF!, MATCH(S91,#REF!, 0), ) -> #REF! | P91: -8.8196583 | Q91: -77.467883 | R91: 77.46788333333333°W 8.819658333333333°S | S91: R - 90
A92: 91 | B92: {=INDEX('informe de Gestión 2021-2025'!C:C, MATCH(S92,#REF!, 0), )} -> #REF! | C92: {=INDEX('informe de Gestión 2021-2025'!D:D, MATCH(S92,#REF!, 0), )} -> #REF! | D92: {=INDEX('informe de Gestión 2021-2025'!I:I, MATCH(S92,#REF!, 0), )} -> #REF! | E92: {=INDEX('informe de Gestión 2021-2025'!K:K, MATCH(S92,#REF!, 0), )} -> #REF! | F92: =INDEX(#REF!, MATCH(S92,#REF!, 0), ) -> #REF! | G92: {=INDEX('informe de Gestión 2021-2025'!#REF!, MATCH(S92,#REF!, 0), )} -> #REF! | H92: =INDEX(#REF!, MATCH(S92,#REF!, 0), ) -> #REF! | I92: =INDEX(#REF!, MATCH(S92,#REF!, 0), ) -> #REF! | J92: =INDEX(#REF!, MATCH(S92,#REF!, 0), ) -> #REF! | K92: =INDEX(#REF!, MATCH(S92,#REF!, 0), ) -> #REF! | L92: =INDEX(#REF!, MATCH(S92,#REF!, 0), ) -> #REF! | M92: =INDEX(#REF!, MATCH(S92,#REF!, 0), ) -> #REF! | N92: =INDEX(#REF!, MATCH(S92,#REF!, 0), ) -> #REF! | O92: =INDEX(#REF!, MATCH(S92,#REF!, 0), ) -> #REF! | P92: -8.0590222 | Q92: -78.807583 | R92: 78.80758333333333°W 8.059022222222223°S | S92: R - 91
A93: 92 | B93: {=INDEX('informe de Gestión 2021-2025'!C:C, MATCH(S93,#REF!, 0), )} -> #REF! | C93: {=INDEX('informe de Gestión 2021-2025'!D:D, MATCH(S93,#REF!, 0), )} -> #REF! | D93: {=INDEX('informe de Gestión 2021-2025'!I:I, MATCH(S93,#REF!, 0), )} -> #REF! | E93: {=INDEX('informe de Gestión 2021-2025'!K:K, MATCH(S93,#REF!, 0), )} -> #REF! | F93: =INDEX(#REF!, MATCH(S93,#REF!, 0), ) -> #REF! | G93: {=INDEX('informe de Gestión 2021-2025'!#REF!, MATCH(S93,#REF!, 0), )} -> #REF! | H93: =INDEX(#REF!, MATCH(S93,#REF!, 0), ) -> #REF! | I93: =INDEX(#REF!, MATCH(S93,#REF!, 0), ) -> #REF! | J93: =INDEX(#REF!, MATCH(S93,#REF!, 0), ) -> #REF! | K93: =INDEX(#REF!, MATCH(S93,#REF!, 0), ) -> #REF! | L93: =INDEX(#REF!, MATCH(S93,#REF!, 0), ) -> #REF! | M93: =INDEX(#REF!, MATCH(S93,#REF!, 0), ) -> #REF! | N93: =INDEX(#REF!, MATCH(S93,#REF!, 0), ) -> #REF! | O93: =INDEX(#REF!, MATCH(S93,#REF!, 0), ) -> #REF! | P93: -8.0014833 | Q93: -78.30655 | R93: 78.30655°W 8.001483333333333°S | S93: R - 92
A94: 93 | B94: {=INDEX('informe de Gestión 2021-2025'!C:C, MATCH(S94,#REF!, 0), )} -> #REF! | C94: {=INDEX('informe de Gestión 2021-2025'!D:D, MATCH(S94,#REF!, 0), )} -> #REF! | D94: {=INDEX('informe de Gestión 2021-2025'!I:I, MATCH(S94,#REF!, 0), )} -> #REF! | E94: {=INDEX('informe de Gestión 2021-2025'!K:K, MATCH(S94,#REF!, 0), )} -> #REF! | F94: =INDEX(#REF!, MATCH(S94,#REF!, 0), ) -> #REF! | G94: {=INDEX('informe de Gestión 2021-2025'!#REF!, MATCH(S94,#REF!, 0), )} -> #REF! | H94: =INDEX(#REF!, MATCH(S94,#REF!, 0), ) -> #REF! | I94: =INDEX(#REF!, MATCH(S94,#REF!, 0), ) -> #REF! | J94: =INDEX(#REF!, MATCH(S94,#REF!, 0), ) -> #REF! | K94: =INDEX(#REF!, MATCH(S94,#REF!, 0), ) -> #REF! | L94: =INDEX(#REF!, MATCH(S94,#REF!, 0), ) -> #REF! | M94: =INDEX(#REF!, MATCH(S94,#REF!, 0), ) -> #REF! | N94: =INDEX(#REF!, MATCH(S94,#REF!, 0), ) -> #REF! | O94: =INDEX(#REF!, MATCH(S94,#REF!, 0), ) -> #REF! | P94: -6.3282639 | Q94: -76.761936 | R94: 76.76193611111111°W 6.3282638888888885°S | S94: R - 93
A95: 94 | B95: {=INDEX('informe de Gestión 2021-2025'!C:C, MATCH(S95,#REF!, 0), )} -> #REF! | C95: {=INDEX('informe de Gestión 2021-2025'!D:D, MATCH(S95,#REF!, 0), )} -> #REF! | D95: {=INDEX('informe de Gestión 2021-2025'!I:I, MATCH(S95,#REF!, 0), )} -> #REF! | E95: {=INDEX('informe de Gestión 2021-2025'!K:K, MATCH(S95,#REF!, 0), )} -> #REF! | F95: =INDEX(#REF!, MATCH(S95,#REF!, 0), ) -> #REF! | G95: {=INDEX('informe de Gestión 2021-2025'!#REF!, MATCH(S95,#REF!, 0), )} -> #REF! | H95: =INDEX(#REF!, MATCH(S95,#REF!, 0), ) -> #REF! | I95: =INDEX(#REF!, MATCH(S95,#REF!, 0), ) -> #REF! | J95: =INDEX(#REF!, MATCH(S95,#REF!, 0), ) -> #REF! | K95: =INDEX(#REF!, MATCH(S95,#REF!, 0), ) -> #REF! | L95: =INDEX(#REF!, MATCH(S95,#REF!, 0), ) -> #REF! | M95: =INDEX(#REF!, MATCH(S95,#REF!, 0), ) -> #REF! | N95: =INDEX(#REF!, MATCH(S95,#REF!, 0), ) -> #REF! | O95: =INDEX(#REF!, MATCH(S95,#REF!, 0), ) -> #REF! | P95: -5.1251667 | Q95: -79.01175 | R95: 79.01175°W 5.125166666666666°S | S95: R - 94
A96: 95 | B96: {=INDEX('informe de Gestión 2021-2025'!C:C, MATCH(S96,#REF!, 0), )} -> #REF! | C96: {=INDEX('informe de Gestión 2021-2025'!D:D, MATCH(S96,#REF!, 0), )} -> #REF! | D96: {=INDEX('informe de Gestión 2021-2025'!I:I, MATCH(S96,#REF!, 0), )} -> #REF! | E96: {=INDEX('informe de Gestión 2021-2025'!K:K, MATCH(S96,#REF!, 0), )} -> #REF! | F96: =INDEX(#REF!, MATCH(S96,#REF!, 0), ) -> #REF! | G96: {=INDEX('informe de Gestión 2021-2025'!#REF!, MATCH(S96,#REF!, 0), )} -> #REF! | H96: =INDEX(#REF!, MATCH(S96,#REF!, 0), ) -> #REF! | I96: =INDEX(#REF!, MATCH(S96,#REF!, 0), ) -> #REF! | J96: =INDEX(#REF!, MATCH(S96,#REF!, 0), ) -> #REF! | K96: =INDEX(#REF!, MATCH(S96,#REF!, 0), ) -> #REF! | L96: =INDEX(#REF!, MATCH(S96,#REF!, 0), ) -> #REF! | M96: =INDEX(#REF!, MATCH(S96,#REF!, 0), ) -> #REF! | N96: =INDEX(#REF!, MATCH(S96,#REF!, 0), ) -> #REF! | O96: =INDEX(#REF!, MATCH(S96,#REF!, 0), ) -> #REF! | P96: -4.8468889 | Q96: -80.878194 | R96: 80.87819444444443°W 4.846888888888889°S | S96: R - 95
A97: 96 | B97: {=INDEX('informe de Gestión 2021-2025'!C:C, MATCH(S97,#REF!, 0), )} -> #REF! | C97: {=INDEX('informe de Gestión 2021-2025'!D:D, MATCH(S97,#REF!, 0), )} -> #REF! | D97: {=INDEX('informe de Gestión 2021-2025'!I:I, MATCH(S97,#REF!, 0), )} -> #REF! | E97: {=INDEX('informe de Gestión 2021-2025'!K:K, MATCH(S97,#REF!, 0), )} -> #REF! | F97: =INDEX(#REF!, MATCH(S97,#REF!, 0), ) -> #REF! | G97: {=INDEX('informe de Gestión 2021-2025'!#REF!, MATCH(S97,#REF!, 0), )} -> #REF! | H97: =INDEX(#REF!, MATCH(S97,#REF!, 0), ) -> #REF! | I97: =INDEX(#REF!, MATCH(S97,#REF!, 0), ) -> #REF! | J97: =INDEX(#REF!, MATCH(S97,#REF!, 0), ) -> #REF! | K97: =INDEX(#REF!, MATCH(S97,#REF!, 0), ) -> #REF! | L97: =INDEX(#REF!, MATCH(S97,#REF!, 0), ) -> #REF! | M97: =INDEX(#REF!, MATCH(S97,#REF!, 0), ) -> #REF! | N97: =INDEX(#REF!, MATCH(S97,#REF!, 0), ) -> #REF! | O97: =INDEX(#REF!, MATCH(S97,#REF!, 0), ) -> #REF! | P97: -6.6202778 | Q97: -76.687453 | R97: 76.68745277777778°W 6.620277777777778°S | S97: R - 96
A98: 97 | B98: {=INDEX('informe de Gestión 2021-2025'!C:C, MATCH(S98,#REF!, 0), )} -> #REF! | C98: {=INDEX('informe de Gestión 2021-2025'!D:D, MATCH(S98,#REF!, 0), )} -> #REF! | D98: {=INDEX('informe de Gestión 2021-2025'!I:I, MATCH(S98,#REF!, 0), )} -> #REF! | E98: {=INDEX('informe de Gestión 2021-2025'!K:K, MATCH(S98,#REF!, 0), )} -> #REF! | F98: =INDEX(#REF!, MATCH(S98,#REF!, 0), ) -> #REF! | G98: {=INDEX('informe de Gestión 2021-2025'!#REF!, MATCH(S98,#REF!, 0), )} -> #REF! | H98: =INDEX(#REF!, MATCH(S98,#REF!, 0), ) -> #REF! | I98: =INDEX(#REF!, MATCH(S98,#REF!, 0), ) -> #REF! | J98: =INDEX(#REF!, MATCH(S98,#REF!, 0), ) -> #REF! | K98: =INDEX(#REF!, MATCH(S98,#REF!, 0), ) -> #REF! | L98: =INDEX(#REF!, MATCH(S98,#REF!, 0), ) -> #REF! | M98: =INDEX(#REF!, MATCH(S98,#REF!, 0), ) -> #REF! | N98: =INDEX(#REF!, MATCH(S98,#REF!, 0), ) -> #REF! | O98: =INDEX(#REF!, MATCH(S98,#REF!, 0), ) -> #REF! | P98: -5.324425 | Q98: -79.840658 | R98: 79.84065833333332°W 5.324425°S | S98: R - 97
... A130: 129 | B130: {=INDEX('informe de Gestión 2021-2025'!C:C, MATCH(S130,#REF!, 0), )} -> #REF! | C130: {=INDEX('informe de Gestión 2021-2025'!D:D, MATCH(S130,#REF!, 0), )} -> #REF! | D130: {=INDEX('informe de Gestión 2021-2025'!I:I, MATCH(S130,#REF!, 0), )} -> #REF! | E130: {=INDEX('informe de Gestión 2021-2025'!K:K, MATCH(S130,#REF!, 0), )} -> #REF! | F130: =INDEX(#REF!, MATCH(S130,#REF!, 0), ) -> #REF! | G130: {=INDEX('informe de Gestión 2021-2025'!#REF!, MATCH(S130,#REF!, 0), )} -> #REF! | H130: =INDEX(#REF!, MATCH(S130,#REF!, 0), ) -> #REF! | I130: =INDEX(#REF!, MATCH(S130,#REF!, 0), ) -> #REF! | J130: =INDEX(#REF!, MATCH(S130,#REF!, 0), ) -> #REF! | K130: =INDEX(#REF!, MATCH(S130,#REF!, 0), ) -> #REF! | L130: =INDEX(#REF!, MATCH(S130,#REF!, 0), ) -> #REF! | M130: =INDEX(#REF!, MATCH(S130,#REF!, 0), ) -> #REF! | N130: =INDEX(#REF!, MATCH(S130,#REF!, 0), ) -> #REF! | O130: =INDEX(#REF!, MATCH(S130,#REF!, 0), ) -> #REF! | P130: -3.6872528 | Q130: -80.679444 | R130: 80.67944444444444°W 3.687252777777778°S | S130: R - 129
A131: 130 | B131: #REF! | C131: #REF! | D131: #REF! | E131: #REF! | F131: #REF! | G131: #REF! | H131: #REF! | I131: #REF! | J131: #REF! | K131: #REF! | L131: #REF! | M131: #REF! | N131: #REF! | O131: #REF! | P131: -12.847556 | Q131: -74.580194 | R131: 74.58019444444444°W 12.847555555555557°S | S131: C - 1
A132: 131 | B132: #REF! | C132: #REF! | D132: #REF! | E132: #REF! | F132: #REF! | G132: #REF! | H132: #REF! | I132: #REF! | J132: #REF! | K132: #REF! | L132: #REF! | M132: #REF! | N132: #REF! | O132: #REF! | P132: -11.351603 | Q132: -75.662978 | R132: 75.66297777777778°W 11.351602777777778°S | S132: C - 2
A133: 132 | B133: #REF! | C133: #REF! | D133: #REF! | E133: #REF! | F133: #REF! | G133: #REF! | H133: #REF! | I133: #REF! | J133: #REF! | K133: #REF! | L133: #REF! | M133: #REF! | N133: #REF! | O133: #REF! | P133: -9.0348056 | Q133: -75.516639 | R133: 75.51663888888889°W 9.034805555555556°S | S133: C - 3
A134: 133 | B134: #REF! | C134: #REF! | D134: #REF! | E134: #REF! | F134: #REF! | G134: #REF! | H134: #REF! | I134: #REF! | J134: #REF! | K134: #REF! | L134: #REF! | M134: #REF! | N134: #REF! | O134: #REF! | P134: -10.129167 | Q134: -76.197614 | R134: 76.1976138888889°W 10.129166666666666°S | S134: C - 4
A135: 134 | B135: #REF! | C135: #REF! | D135: #REF! | E135: #REF! | F135: #REF! | G135: #REF! | H135: #REF! | I135: #REF! | J135: #REF! | K135: #REF! | L135: #REF! | M135: #REF! | N135: #REF! | O135: #REF! | P135: -10.79075 | Q135: -76.914028 | R135: 76.91402777777779°W 10.79075°S | S135: C - 5
A136: 135 | B136: #REF! | C136: #REF! | D136: #REF! | E136: #REF! | F136: #REF! | G136: #REF! | H136: #REF! | I136: #REF! | J136: #REF! | K136: #REF! | L136: #REF! | M136: #REF! | N136: #REF! | O136: #REF! | S136: C - 6
A137: 136 | B137: #REF! | C137: #REF! | D137: #REF! | E137: #REF! | F137: #REF! | G137: #REF! | H137: #REF! | I137: #REF! | J137: #REF! | K137: #REF! | L137: #REF! | M137: #REF! | N137: #REF! | O137: #REF! | S137: C - 7
A138: 137 | B138: #REF! | C138: #REF! | D138: #REF! | E138: #REF! | F138: #REF! | G138: #REF! | H138: #REF! | I138: #REF! | J138: #REF! | K138: #REF! | L138: #REF! | M138: #REF! | N138: #REF! | O138: #REF! | P138: -10.739806 | Q138: -73.758861 | R138: 73.75886111111112°W 10.739805555555554°S | S138: C - 8
A139: 138 | B139: #REF! | C139: #REF! | D139: #REF! | E139: #REF! | F139: #REF! | G139: #REF! | H139: #REF! | I139: #REF! | J139: #REF! | K139: #REF! | L139: #REF! | M139: #REF! | N139: #REF! | O139: #REF! | P139: -14.27975 | Q139: -73.975222 | R139: 73.97522222222223°W 14.27975°S | S139: C - 9
A140: 139 | B140: #REF! | C140: #REF! | D140: #REF! | E140: #REF! | F140: #REF! | G140: #REF! | H140: #REF! | I140: #REF! | J140: #REF! | K140: #REF! | L140: #REF! | M140: #REF! | N140: #REF! | O140: #REF! | P140: -8.9303611 | Q140: -76.118722 | R140: 76.11872222222222°W 8.930361111111111°S | S140: C - 10
A141: 140 | B141: #REF! | C141: #REF! | D141: #REF! | E141: #REF! | F141: #REF! | G141: #REF! | H141: #REF! | I141: #REF! | J141: #REF! | K141: #REF! | L141: #REF! | M141: #REF! | N141: #REF! | O141: #REF! | P141: -8.9303056 | Q141: -76.118556 | R141: 76.11855555555555°W 8.930305555555554°S | S141: C - 11
A142: 141 | B142: #REF! | C142: #REF! | D142: #REF! | E142: #REF! | F142: #REF! | G142: #REF! | H142: #REF! | I142: #REF! | J142: #REF! | K142: #REF! | L142: #REF! | M142: #REF! | N142: #REF! | O142: #REF! | P142: -13.158444 | Q142: -74.244222 | R142: 74.24422222222222°W 13.158444444444445°S | S142: C - 12
A143: 142 | B143: #REF! | C143: #REF! | D143: #REF! | E143: #REF! | F143: #REF! | G143: #REF! | H143: #REF! | I143: #REF! | J143: #REF! | K143: #REF! | L143: #REF! | M143: #REF! | N143: #REF! | O143: #REF! | P143: -13.155 | Q143: -74.241667 | R143: 74.24166666666667°W 13.155000000000001°S | S143: C - 13
A144: 143 | B144: #REF! | C144: #REF! | D144: #REF! | E144: #REF! | F144: #REF! | G144: #REF! | H144: #REF! | I144: #REF! | J144: #REF! | K144: #REF! | L144: #REF! | M144: #REF! | N144: #REF! | O144: #REF! | P144: -13.509314 | Q144: -74.193414 | R144: 74.1934138888889°W 13.509313888888888°S | S144: C - 14
A145: 144 | B145: #REF! | C145: #REF! | D145: #REF! | E145: #REF! | F145: #REF! | G145: #REF! | H145: #REF! | I145: #REF! | J145: #REF! | K145: #REF! | L145: #REF! | M145: #REF! | N145: #REF! | O145: #REF! | P145: -12.628847 | Q145: -73.788469 | R145: 73.78846944444444°W 12.628847222222223°S | S145: C - 15
A146: 145 | B146: #REF! | C146: #REF! | D146: #REF! | E146: #REF! | F146: #REF! | G146: #REF! | H146: #REF! | I146: #REF! | J146: #REF! | K146: #REF! | L146: #REF! | M146: #REF! | N146: #REF! | O146: #REF! | P146: -12.596333 | Q146: -73.830528 | R146: 73.83052777777777°W 12.596333333333334°S | S146: C - 16
A147: 146 | B147: #REF! | C147: #REF! | D147: #REF! | E147: #REF! | F147: #REF! | G147: #REF! | H147: #REF! | I147: #REF! | J147: #REF! | K147: #REF! | L147: #REF! | M147: #REF! | N147: #REF! | O147: #REF! | P147: -10.725861 | Q147: -77.747556 | R147: 77.74755555555555°W 10.725861111111112°S | S147: C - 17
A148: 147 | B148: #REF! | C148: #REF! | D148: #REF! | E148: #REF! | F148: #REF! | G148: #REF! | H148: #REF! | I148: #REF! | J148: #REF! | K148: #REF! | L148: #REF! | M148: #REF! | N148: #REF! | O148: #REF! | P148: -10.754972 | Q148: -77.759944 | R148: 77.75994444444444°W 10.754972222222221°S | S148: C - 18
A149: 148 | B149: #REF! | C149: #REF! | D149: #REF! | E149: #REF! | F149: #REF! | G149: #REF! | H149: #REF! | I149: #REF! | J149: #REF! | K149: #REF! | L149: #REF! | M149: #REF! | N149: #REF! | O149: #REF! | P149: -4.8344861 | Q149: -76.540578 | R149: 76.54057777777777°W 4.834486111111111°S | S149: C - 19
... A175: 174 | B175: #REF! | C175: #REF! | D175: #REF! | E175: #REF! | F175: #REF! | G175: #REF! | H175: #REF! | I175: #REF! | J175: #REF! | K175: #REF! | L175: #REF! | M175: #REF! | N175: #REF! | O175: #REF! | P175: -11.109472 | Q175: -77.566389 | R175: 77.56638888888888°W 11.109472222222221°S | S175: C - 45
A176: 175 | B176: #REF! | C176: #REF! | D176: #REF! | E176: #REF! | F176: #REF! | G176: #REF! | H176: #REF! | I176: #REF! | J176: #REF! | K176: #REF! | L176: #REF! | M176: #REF! | N176: #REF! | O176: #REF! | S176: C - 46
A177: 176 | B177: #REF! | C177: #REF! | D177: #REF! | E177: #REF! | F177: #REF! | G177: #REF! | H177: #REF! | I177: #REF! | J177: #REF! | K177: #REF! | L177: #REF! | M177: #REF! | N177: #REF! | O177: #REF! | P177: -12.789928 | Q177: -74.969525 | R177: 74.969525°W 12.789927777777777°S | S177: C - 47
A178: 177 | B178: #REF! | C178: #REF! | D178: #REF! | E178: #REF! | F178: #REF! | G178: #REF! | H178: #REF! | I178: #REF! | J178: #REF! | K178: #REF! | L178: #REF! | M178: #REF! | N178: #REF! | O178: #REF! | P178: -12.065667 | Q178: -75.199583 | R178: 75.19958333333334°W 12.065666666666667°S | S178: C - 48
A179: 178 | B179: #REF! | C179: #REF! | D179: #REF! | E179: #REF! | F179: #REF! | G179: #REF! | H179: #REF! | I179: #REF! | J179: #REF! | K179: #REF! | L179: #REF! | M179: #REF! | N179: #REF! | O179: #REF! | P179: -12.090944 | Q179: -75.189361 | R179: 75.18936111111111°W 12.090944444444444°S | S179: C - 49
A180: 179 | B180: #REF! | C180: #REF! | D180: #REF! | E180: #REF! | F180: #REF! | G180: #REF! | H180: #REF! | I180: #REF! | J180: #REF! | K180: #REF! | L180: #REF! | M180: #REF! | N180: #REF! | O180: #REF! | P180: -12.090944 | Q180: -75.189361 | R180: 75.18936111111111°W 12.090944444444444°S | S180: C - 50
A181: 180 | B181: #REF! | C181: #REF! | D181: #REF! | E181: #REF! | F181: #REF! | G181: #REF! | H181: #REF! | I181: #REF! | J181: #REF! | K181: #REF! | L181: #REF! | M181: #REF! | N181: #REF! | O181: #REF! | P181: -12.569289 | Q181: -74.951828 | R181: 74.95182777777778°W 12.569288888888888°S | S181: C - 51
A182: 181 | B182: #REF! | C182: #REF! | D182: #REF! | E182: #REF! | F182: #REF! | G182: #REF! | H182: #REF! | I182: #REF! | J182: #REF! | K182: #REF! | L182: #REF! | M182: #REF! | N182: #REF! | O182: #REF! | P182: -12.937556 | Q182: -74.228472 | R182: 74.22847222222222°W 12.937555555555555°S | S182: C - 52
A183: 182 | B183: #REF! | C183: #REF! | D183: #REF! | E183: #REF! | F183: #REF! | G183: #REF! | H183: #REF! | I183: #REF! | J183: #REF! | K183: #REF! | L183: #REF! | M183: #REF! | N183: #REF! | O183: #REF! | P183: -9.9212222 | Q183: -76.244028 | R183: 76.24402777777777°W 9.921222222222221°S | S183: C - 53
A184: 183 | B184: #REF! | C184: #REF! | D184: #REF! | E184: #REF! | F184: #REF! | G184: #REF! | H184: #REF! | I184: #REF! | J184: #REF! | K184: #REF! | L184: #REF! | M184: #REF! | N184: #REF! | O184: #REF! | P184: -9.9211944 | Q184: -76.244111 | R184: 76.24411111111111°W 9.921194444444444°S | S184: C - 54
A185: 184 | B185: #REF! | C185: #REF! | D185: #REF! | E185: #REF! | F185: #REF! | G185: #REF! | H185: #REF! | I185: #REF! | J185: #REF! | K185: #REF! | L185: #REF! | M185: #REF! | N185: #REF! | O185: #REF! | P185: -11.503167 | Q185: -77.211111 | R185: 77.21111111111111°W 11.503166666666667°S | S185: C - 55
A186: 185 | B186: #REF! | C186: #REF! | D186: #REF! | E186: #REF! | F186: #REF! | G186: #REF! | H186: #REF! | I186: #REF! | J186: #REF! | K186: #REF! | L186: #REF! | M186: #REF! | N186: #REF! | O186: #REF! | P186: -11.503167 | Q186: -77.211111 | R186: 77.21111111111111°W 11.503166666666667°S | S186: C - 56
A187: 186 | B187: #REF! | C187: #REF! | D187: #REF! | E187: #REF! | F187: #REF! | G187: #REF! | H187: #REF! | I187: #REF! | J187: #REF! | K187: #REF! | L187: #REF! | M187: #REF! | N187: #REF! | O187: #REF! | P187: -10.448953 | Q187: -76.18355 | R187: 76.18355°W 10.448952777777778°S | S187: C - 57
A188: 187 | B188: #REF! | C188: #REF! | D188: #REF! | E188: #REF! | F188: #REF! | G188: #REF! | H188: #REF! | I188: #REF! | J188: #REF! | K188: #REF! | L188: #REF! | M188: #REF! | N188: #REF! | O188: #REF! | P188: -12.13945 | Q188: -76.231347 | R188: 76.23134722222223°W 12.13945°S | S188: C - 58
... A200: 199 | B200: #REF! | C200: #REF! | D200: #REF! | E200: #REF! | F200: #REF! | G200: #REF! | H200: #REF! | I200: #REF! | J200: #REF! | K200: #REF! | L200: #REF! | M200: #REF! | N200: #REF! | O200: #REF! | P200: -12.181833 | Q200: -77.026389 | R200: 77.02638888888889°W 12.181833333333334°S | S200: C - 70
A201: 200 | B201: #REF! | C201: #REF! | D201: #REF! | E201: #REF! | F201: #REF! | G201: #REF! | H201: #REF! | I201: #REF! | J201: #REF! | K201: #REF! | L201: #REF! | M201: #REF! | N201: #REF! | O201: #REF! | S201: C - 71
A202: 201 | B202: #REF! | C202: #REF! | D202: #REF! | E202: #REF! | F202: #REF! | G202: #REF! | H202: #REF! | I202: #REF! | J202: #REF! | K202: #REF! | L202: #REF! | M202: #REF! | N202: #REF! | O202: #REF! | P202: -12.180389 | Q202: -77.030389 | R202: 77.0303888888889°W 12.180388888888888°S | S202: C - 72
A203: 202 | B203: #REF! | C203: #REF! | D203: #REF! | E203: #REF! | F203: #REF! | G203: #REF! | H203: #REF! | I203: #REF! | J203: #REF! | K203: #REF! | L203: #REF! | M203: #REF! | N203: #REF! | O203: #REF! | S203: C - 73
A204: 203 | B204: #REF! | C204: #REF! | D204: #REF! | E204: #REF! | F204: #REF! | G204: #REF! | H204: #REF! | I204: #REF! | J204: #REF! | K204: #REF! | L204: #REF! | M204: #REF! | N204: #REF! | O204: #REF! | P204: -12.9875 | Q204: -74.601667 | R204: 74.60166666666666°W 12.987499999999999°S | S204: C - 74
A205: 204 | B205: #REF! | C205: #REF! | D205: #REF! | E205: #REF! | F205: #REF! | G205: #REF! | H205: #REF! | I205: #REF! | J205: #REF! | K205: #REF! | L205: #REF! | M205: #REF! | N205: #REF! | O205: #REF! | P205: -12.976056 | Q205: -76.154806 | R205: 76.15480555555555°W 12.976055555555556°S | S205: C - 75
A206: 205 | B206: #REF! | C206: #REF! | D206: #REF! | E206: #REF! | F206: #REF! | G206: #REF! | H206: #REF! | I206: #REF! | J206: #REF! | K206: #REF! | L206: #REF! | M206: #REF! | N206: #REF! | O206: #REF! | P206: -12.654611 | Q206: -76.63075 | R206: 76.63074999999999°W 12.65461111111111°S | S206: C - 76
A207: 206 | B207: #REF! | C207: #REF! | D207: #REF! | E207: #REF! | F207: #REF! | G207: #REF! | H207: #REF! | I207: #REF! | J207: #REF! | K207: #REF! | L207: #REF! | M207: #REF! | N207: #REF! | O207: #REF! | P207: -12.888467 | Q207: -74.409964 | R207: 74.4099638888889°W 12.888466666666666°S | S207: C - 77
A208: 207 | B208: #REF! | C208: #REF! | D208: #REF! | E208: #REF! | F208: #REF! | G208: #REF! | H208: #REF! | I208: #REF! | J208: #REF! | K208: #REF! | L208: #REF! | M208: #REF! | N208: #REF! | O208: #REF! | P208: -8.6038889 | Q208: -74.3075 | R208: 74.30749999999999°W 8.60388888888889°S | S208: C - 78
A209: 208 | B209: #REF! | C209: #REF! | D209: #REF! | E209: #REF! | F209: #REF! | G209: #REF! | H209: #REF! | I209: #REF! | J209: #REF! | K209: #REF! | L209: #REF! | M209: #REF! | N209: #REF! | O209: #REF! | P209: -11.332528 | Q209: -74.529111 | R209: 74.5291111111111°W 11.332527777777777°S | S209: C - 79
A210: 209 | B210: #REF! | C210: #REF! | D210: #REF! | E210: #REF! | F210: #REF! | G210: #REF! | H210: #REF! | I210: #REF! | J210: #REF! | K210: #REF! | L210: #REF! | M210: #REF! | N210: #REF! | O210: #REF! | P210: -11.336139 | Q210: -74.525944 | R210: 74.52594444444445°W 11.33613888888889°S | S210: C - 80
A211: 210 | B211: #REF! | C211: #REF! | D211: #REF! | E211: #REF! | F211: #REF! | G211: #REF! | H211: #REF! | I211: #REF! | J211: #REF! | K211: #REF! | L211: #REF! | M211: #REF! | N211: #REF! | O211: #REF! | P211: -3.4978167 | Q211: -73.087222 | R211: 73.08722222222222°W 3.4978166666666666°S | S211: C - 81
A212: 211 | B212: #REF! | C212: #REF! | D212: #REF! | E212: #REF! | F212: #REF! | G212: #REF! | H212: #REF! | I212: #REF! | J212: #REF! | K212: #REF! | L212: #REF! | M212: #REF! | N212: #REF! | O212: #REF! | P212: -9.30075 | Q212: -75.99275 | R212: 75.99275°W 9.30075°S | S212: C - 82
A213: 212 | B213: #REF! | C213: #REF! | D213: #REF! | E213: #REF! | F213: #REF! | G213: #REF! | H213: #REF! | I213: #REF! | J213: #REF! | K213: #REF! | L213: #REF! | M213: #REF! | N213: #REF! | O213: #REF! | P213: -4.5024167 | Q213: -73.570139 | R213: 73.57013888888889°W 4.502416666666667°S | S213: C - 83
A214: 213 | B214: #REF! | C214: #REF! | D214: #REF! | E214: #REF! | F214: #REF! | G214: #REF! | H214: #REF! | I214: #REF! | J214: #REF! | K214: #REF! | L214: #REF! | M214: #REF! | N214: #REF! | O214: #REF! | P214: -8.3212667 | Q214: -74.853908 | R214: 74.85390833333332°W 8.321266666666666°S | S214: C - 84
A215: 214 | B215: #REF! | C215: #REF! | D215: #REF! | E215: #REF! | F215: #REF! | G215: #REF! | H215: #REF! | I215: #REF! | J215: #REF! | K215: #REF! | L215: #REF! | M215: #REF! | N215: #REF! | O215: #REF! | P215: -10.580389 | Q215: -75.406583 | R215: 75.40658333333334°W 10.580388888888889°S | S215: C - 85
... A256: 255 | B256: #REF! | C256: #REF! | D256: #REF! | E256: #REF! | F256: #REF! | G256: #REF! | H256: #REF! | I256: #REF! | J256: #REF! | K256: #REF! | L256: #REF! | M256: #REF! | N256: #REF! | O256: #REF! | P256: -4.5724028 | Q256: -72.431372 | R256: 72.43137222222222°W 4.572402777777778°S | S256: C - 126
A257: 256 | B257: #REF! | C257: #REF! | D257: #REF! | E257: #REF! | F257: #REF! | G257: #REF! | H257: #REF! | I257: #REF! | J257: #REF! | K257: #REF! | L257: #REF! | M257: #REF! | N257: #REF! | O257: #REF! | S257: C - 127
A258: 257 | B258: #REF! | C258: #REF! | D258: #REF! | E258: #REF! | F258: #REF! | G258: #REF! | H258: #REF! | I258: #REF! | J258: #REF! | K258: #REF! | L258: #REF! | M258: #REF! | N258: #REF! | O258: #REF! | P258: -11.264278 | Q258: -74.631833 | R258: 74.63183333333333°W 11.264277777777778°S | S258: C - 128
A259: 258 | B259: #REF! | C259: #REF! | D259: #REF! | E259: #REF! | F259: #REF! | G259: #REF! | H259: #REF! | I259: #REF! | J259: #REF! | K259: #REF! | L259: #REF! | M259: #REF! | N259: #REF! | O259: #REF! | P259: -11.145433 | Q259: -77.246547 | R259: 77.24654722222222°W 11.145433333333333°S | S259: C - 129
A260: 259 | B260: #REF! | C260: #REF! | D260: #REF! | E260: #REF! | F260: #REF! | G260: #REF! | H260: #REF! | I260: #REF! | J260: #REF! | K260: #REF! | L260: #REF! | M260: #REF! | N260: #REF! | O260: #REF! | P260: -0.37193333 | Q260: -74.677044 | R260: 74.67704444444445°W 0.3719333333333333°S | S260: C - 130
A261: 260 | B261: #REF! | C261: #REF! | D261: #REF! | E261: #REF! | F261: #REF! | G261: #REF! | H261: #REF! | I261: #REF! | J261: #REF! | K261: #REF! | L261: #REF! | M261: #REF! | N261: #REF! | O261: #REF! | P261: -12.952961 | Q261: -74.020186 | R261: 74.02018611111112°W 12.95296111111111°S | S261: C - 131
A262: 261 | B262: #REF! | C262: #REF! | D262: #REF! | E262: #REF! | F262: #REF! | G262: #REF! | H262: #REF! | I262: #REF! | J262: #REF! | K262: #REF! | L262: #REF! | M262: #REF! | N262: #REF! | O262: #REF! | P262: -4.0029444 | Q262: -73.156417 | R262: 73.15641666666667°W 4.002944444444444°S | S262: C - 132
A263: 262 | B263: #REF! | C263: #REF! | D263: #REF! | E263: #REF! | F263: #REF! | G263: #REF! | H263: #REF! | I263: #REF! | J263: #REF! | K263: #REF! | L263: #REF! | M263: #REF! | N263: #REF! | O263: #REF! | P263: -11.4095 | Q263: -75.691139 | R263: 75.69113888888889°W 11.4095°S | S263: C - 133
A264: 263 | B264: #REF! | C264: #REF! | D264: #REF! | E264: #REF! | F264: #REF! | G264: #REF! | H264: #REF! | I264: #REF! | J264: #REF! | K264: #REF! | L264: #REF! | M264: #REF! | N264: #REF! | O264: #REF! | P264: -11.409444 | Q264: -75.687778 | R264: 75.68777777777778°W 11.409444444444444°S | S264: C - 134
...

Sheet LOGIN
A1: Correo | B1: Contraseña
A2: malvarado@betheltv.tv | B2: MA43
A3: acueto@betheltv.tv | B3: AC23
A4: abautista@betheltv.tv | B4: AB99
A5: iarenas@betheltv.tv | B5: IA01
A6: rcastillo@betheltv.tv | B6: RC51
A7: spurizaca@betheltv.tv | B7: SP07
A8: hunocc@betheltv.tv | B8: HU67
A9: cramos@betheltv.tv | B9: CR66
A10: jespiritu@betheltv.tv | B10: JE01
A11: mlorenzo@betheltv.tv | B11: ML79
A12: rbravo@betheltv.tv | B12: RB51
... A26: Admin | B26: Admin

Sheet LOG
A1: USUARIOS | B1: ULTIMO ACCESO
A2: malvarado@betheltv.tv | B2: 45779.555
A3: rbravo@betheltv.tv | B3: 45779.557
A4: nsilva@betheltv.tv | B4: 45779.557
A5: JESPIritu@betheltv.tv | B5: 45779.565
A6: cpanduro@betheltv.tv | B6: 45779.599
A7: malvarado@betheltv.tv | B7: 45780.411
A8: malvarado@betheltv.tv | B8: 45780.433
A9: malvarado@betheltv.tv | B9: 45780.445
A10: malvarado@betheltv.tv | B10: 45780.453
A11: malvarado@betheltv.tv | B11: 45780.553
A12: malvarado@betheltv.tv | B12: 45780.579
A13: malvarado@betheltv.tv | B13: 45780.621
... A186: Admin | B186: 45985.68
